area_px,artifact_aspect_ratio,bbox_pixel_coords,core_bbox_pixels,core_bounds_lonlat,detection_method,era5_lat,era5_lon,era5_time,friction_velocity,geocoding_method,geolocation_grid_status,geometry_json,georef_method,geotiff_name,global_pixel_coords,halo_pixels,id,input_scale,land_fraction,land_mask_info,land_mask_method,lat,lon,max_sigma0_dB,mean_sigma0_dB,min_sigma0_dB,patch_id,patch_label,patch_name,peak_wave_period,phase_speed,pixel_coords,polarization,processing_bbox_pixels,processing_bounds_lonlat,raster_crs,raster_transform,snap_geolocation_grid_used,source,source_arquivo_id,source_product,threshold_cfar_dB,u10,valid_bbox_fraction,valid_water_fraction,water_fraction,wave_age,wave_age_class,wave_age_factor,wave_age_status
3,1.0,"{""row_min"": 63, ""row_max"": 66, ""col_min"": 843, ""col_max"": 846}","{""x0"": 0, ""y0"": 0, ""x1"": 2000, ""y1"": 2000}","{""west"": -39.35065467759794, ""south"": -17.95484442998412, ""east"": -39.123726822001146, ""north"": -17.73450456471703}",cfar,,,,,geolocation_grid,,"{""type"": ""Polygon"", ""coordinates"": [[[-39.20251575760889, -17.76433872353801], [-39.20279129566973, -17.76427610375521], [-39.202856223895054, -17.764544028849798], [-39.202580685708874, -17.764606648680473], [-39.20251575760889, -17.76433872353801]]]}",snap_geolocation_grid,patch_0001_VV_sigma0_preproc.tif,"{""row"": 66, ""col"": 846}",160,1,linear,0.3433837890625,"{""enabled"": true, ""applied"": true, ""status"": ""ok"", ""stage"": ""cfar_water_mask"", ""resampled_shape"": [720, 720], ""sample_shape"": [128, 128], ""sample_max_dim"": 128, ""available"": true, ""method"": ""natural_earth_land_point_mask"", ""bounds_lonlat"": {""west"": -39.35065467759794, ""south"": -17.95484442998412, ""east"": -39.123726822001146, ""north"": -17.73450456471703}, ""mask_path"": ""/content/sismom_colab_work_v2/sources/api/copernicus_meta_1-main/copernicus-platform/frontend/public/shapes/ne_10m_land/ne_10m_land.shp"", ""land_buffer_degrees"": 0.0, ""valid_geolocation_points"": 16384, ""land_points"": 5626, ""water_points"": 10758, ""land_fraction"": 0.3433837890625, ""water_fraction"": 0.6566162109375, ""valid_pixels_before_land_mask"": 512647, ""valid_pixels_after_land_mask"": 338015, ""pixels_masked_by_land"": 174632, ""valid_water_fraction"": 0.65935234186487, ""land_skip_threshold"": 0.99, ""min_water_fraction"": 0.01, ""skip_land_tiles"": true, ""skipped"": false, ""reason"": ""water_candidate"", ""message"": ""CFAR restrito aos pixels de água.""}",natural_earth_land_point_mask,-17.764544028849798,-39.202856223895054,-2.8299999237060547,-4.289999961853027,-5.369999885559082,0,P001,patch_0001_VV,,,"{""row"": 66, ""col"": 846, ""row_resampled"": 22, ""col_resampled"": 282}",VV,"{""x0"": 0, ""y0"": 0, ""x1"": 2160, ""y1"": 2160}","{""west"": -39.368836749147974, ""south"": -17.96913340714615, ""east"": -39.123726822001146, ""north"": -17.731147606077204}",EPSG:4326,"[0.00010939857318998339, 0.0, -41.90441975534414, 0.0, -0.00011682754335648635, -17.232158406462744, 0.0, 0.0, 1.0]",,cfar,,S1C_IW_GRDH_1SDV_20260810T081212_20260810T081241_008930_011B7A_AF45,-5.57,,1.0,0.65935234186487,0.6566162109375,,,1.35,fallback
3,1.0,"{""row_min"": 72, ""row_max"": 78, ""col_min"": 840, ""col_max"": 846}","{""x0"": 0, ""y0"": 0, ""x1"": 2000, ""y1"": 2000}","{""west"": -39.35065467759794, ""south"": -17.95484442998412, ""east"": -39.123726822001146, ""north"": -17.73450456471703}",cfar,,,,,geolocation_grid,,"{""type"": ""Polygon"", ""coordinates"": [[[-39.202435003472765, -17.76520511889183], [-39.20298608034647, -17.765079879038975], [-39.20311593679788, -17.765615729228152], [-39.202564859422836, -17.76574096927251], [-39.202435003472765, -17.76520511889183]]]}",snap_geolocation_grid,patch_0001_VV_sigma0_preproc.tif,"{""row"": 75, ""col"": 843}",160,2,linear,0.3433837890625,"{""enabled"": true, ""applied"": true, ""status"": ""ok"", ""stage"": ""cfar_water_mask"", ""resampled_shape"": [720, 720], ""sample_shape"": [128, 128], ""sample_max_dim"": 128, ""available"": true, ""method"": ""natural_earth_land_point_mask"", ""bounds_lonlat"": {""west"": -39.35065467759794, ""south"": -17.95484442998412, ""east"": -39.123726822001146, ""north"": -17.73450456471703}, ""mask_path"": ""/content/sismom_colab_work_v2/sources/api/copernicus_meta_1-main/copernicus-platform/frontend/public/shapes/ne_10m_land/ne_10m_land.shp"", ""land_buffer_degrees"": 0.0, ""valid_geolocation_points"": 16384, ""land_points"": 5626, ""water_points"": 10758, ""land_fraction"": 0.3433837890625, ""water_fraction"": 0.6566162109375, ""valid_pixels_before_land_mask"": 512647, ""valid_pixels_after_land_mask"": 338015, ""pixels_masked_by_land"": 174632, ""valid_water_fraction"": 0.65935234186487, ""land_skip_threshold"": 0.99, ""min_water_fraction"": 0.01, ""skip_land_tiles"": true, ""skipped"": false, ""reason"": ""water_candidate"", ""message"": ""CFAR restrito aos pixels de água.""}",natural_earth_land_point_mask,-17.765410424107866,-39.20277547000999,-4.440000057220459,-5.070000171661377,-5.550000190734863,0,P001,patch_0001_VV,,,"{""row"": 75, ""col"": 843, ""row_resampled"": 25, ""col_resampled"": 281}",VV,"{""x0"": 0, ""y0"": 0, ""x1"": 2160, ""y1"": 2160}","{""west"": -39.368836749147974, ""south"": -17.96913340714615, ""east"": -39.123726822001146, ""north"": -17.731147606077204}",EPSG:4326,"[0.00010939857318998339, 0.0, -41.90441975534414, 0.0, -0.00011682754335648635, -17.232158406462744, 0.0, 0.0, 1.0]",,cfar,,S1C_IW_GRDH_1SDV_20260810T081212_20260810T081241_008930_011B7A_AF45,-5.64,,1.0,0.65935234186487,0.6566162109375,,,1.35,fallback
5,1.5,"{""row_min"": 126, ""row_max"": 129, ""col_min"": 864, ""col_max"": 870}","{""x0"": 0, ""y0"": 0, ""x1"": 2000, ""y1"": 2000}","{""west"": -39.35065467759794, ""south"": -17.95484442998412, ""east"": -39.123726822001146, ""north"": -17.73450456471703}",cfar,,,,,geolocation_grid,,"{""type"": ""Polygon"", ""coordinates"": [[[-39.20580803256659, -17.769526806012433], [-39.206359113952395, -17.76940156443606], [-39.206424043181144, -17.769669489147642], [-39.205872961544664, -17.76979473081976], [-39.20580803256659, -17.769526806012433]]]}",snap_geolocation_grid,patch_0001_VV_sigma0_preproc.tif,"{""row"": 126, ""col"": 867}",160,3,linear,0.3433837890625,"{""enabled"": true, ""applied"": true, ""status"": ""ok"", ""stage"": ""cfar_water_mask"", ""resampled_shape"": [720, 720], ""sample_shape"": [128, 128], ""sample_max_dim"": 128, ""available"": true, ""method"": ""natural_earth_land_point_mask"", ""bounds_lonlat"": {""west"": -39.35065467759794, ""south"": -17.95484442998412, ""east"": -39.123726822001146, ""north"": -17.73450456471703}, ""mask_path"": ""/content/sismom_colab_work_v2/sources/api/copernicus_meta_1-main/copernicus-platform/frontend/public/shapes/ne_10m_land/ne_10m_land.shp"", ""land_buffer_degrees"": 0.0, ""valid_geolocation_points"": 16384, ""land_points"": 5626, ""water_points"": 10758, ""land_fraction"": 0.3433837890625, ""water_fraction"": 0.6566162109375, ""valid_pixels_before_land_mask"": 512647, ""valid_pixels_after_land_mask"": 338015, ""pixels_masked_by_land"": 174632, ""valid_water_fraction"": 0.65935234186487, ""land_skip_threshold"": 0.99, ""min_water_fraction"": 0.01, ""skip_land_tiles"": true, ""skipped"": false, ""reason"": ""water_candidate"", ""message"": ""CFAR restrito aos pixels de água.""}",natural_earth_land_point_mask,-17.769464185224244,-39.20608357325949,-2.490000009536743,-4.389999866485596,-5.820000171661377,0,P001,patch_0001_VV,,,"{""row"": 126, ""col"": 867, ""row_resampled"": 42, ""col_resampled"": 289}",VV,"{""x0"": 0, ""y0"": 0, ""x1"": 2160, ""y1"": 2160}","{""west"": -39.368836749147974, ""south"": -17.96913340714615, ""east"": -39.123726822001146, ""north"": -17.731147606077204}",EPSG:4326,"[0.00010939857318998339, 0.0, -41.90441975534414, 0.0, -0.00011682754335648635, -17.232158406462744, 0.0, 0.0, 1.0]",,cfar,,S1C_IW_GRDH_1SDV_20260810T081212_20260810T081241_008930_011B7A_AF45,-5.91,,1.0,0.65935234186487,0.6566162109375,,,1.35,fallback
4,1.3333,"{""row_min"": 135, ""row_max"": 141, ""col_min"": 879, ""col_max"": 888}","{""x0"": 0, ""y0"": 0, ""x1"": 2000, ""y1"": 2000}","{""west"": -39.35065467759794, ""south"": -17.95484442998412, ""east"": -39.123726822001146, ""north"": -17.73450456471703}",cfar,,,,,geolocation_grid,,"{""type"": ""Polygon"", ""coordinates"": [[[-39.207380524846826, -17.77001747577536], [-39.20820714805355, -17.76982961297992], [-39.20833700801653, -17.770365461828575], [-39.20751038405776, -17.770553324911276], [-39.207380524846826, -17.77001747577536]]]}",snap_geolocation_grid,patch_0001_VV_sigma0_preproc.tif,"{""row"": 138, ""col"": 882}",160,4,linear,0.3433837890625,"{""enabled"": true, ""applied"": true, ""status"": ""ok"", ""stage"": ""cfar_water_mask"", ""resampled_shape"": [720, 720], ""sample_shape"": [128, 128], ""sample_max_dim"": 128, ""available"": true, ""method"": ""natural_earth_land_point_mask"", ""bounds_lonlat"": {""west"": -39.35065467759794, ""south"": -17.95484442998412, ""east"": -39.123726822001146, ""north"": -17.73450456471703}, ""mask_path"": ""/content/sismom_colab_work_v2/sources/api/copernicus_meta_1-main/copernicus-platform/frontend/public/shapes/ne_10m_land/ne_10m_land.shp"", ""land_buffer_degrees"": 0.0, ""valid_geolocation_points"": 16384, ""land_points"": 5626, ""water_points"": 10758, ""land_fraction"": 0.3433837890625, ""water_fraction"": 0.6566162109375, ""valid_pixels_before_land_mask"": 512647, ""valid_pixels_after_land_mask"": 338015, ""pixels_masked_by_land"": 174632, ""valid_water_fraction"": 0.65935234186487, ""land_skip_threshold"": 0.99, ""min_water_fraction"": 0.01, ""skip_land_tiles"": true, ""skipped"": false, ""reason"": ""water_candidate"", ""message"": ""CFAR restrito aos pixels de água.""}",natural_earth_land_point_mask,-17.77022277936363,-39.20772099564654,-3.7799999713897705,-4.300000190734863,-5.230000019073486,0,P001,patch_0001_VV,,,"{""row"": 138, ""col"": 882, ""row_resampled"": 46, ""col_resampled"": 294}",VV,"{""x0"": 0, ""y0"": 0, ""x1"": 2160, ""y1"": 2160}","{""west"": -39.368836749147974, ""south"": -17.96913340714615, ""east"": -39.123726822001146, ""north"": -17.731147606077204}",EPSG:4326,"[0.00010939857318998339, 0.0, -41.90441975534414, 0.0, -0.00011682754335648635, -17.232158406462744, 0.0, 0.0, 1.0]",,cfar,,S1C_IW_GRDH_1SDV_20260810T081212_20260810T081241_008930_011B7A_AF45,-5.8,,1.0,0.65935234186487,0.6566162109375,,,1.35,fallback
30,1.6667,"{""row_min"": 351, ""row_max"": 378, ""col_min"": 369, ""col_max"": 384}","{""x0"": 0, ""y0"": 2000, ""x1"": 2000, ""y1"": 4000}","{""west"": -39.394101136363794, ""south"": -18.133456362341153, ""east"": -39.1669898847118, ""north"": -17.913134976998805}",cfar,,,,,geolocation_grid,,"{""type"": ""Polygon"", ""coordinates"": [[[-39.20503395636938, -17.964284369043487], [-39.20641215652792, -17.963971083127426], [-39.20699779698946, -17.966382237718157], [-39.20561958299985, -17.966695527943024], [-39.20503395636938, -17.964284369043487]]]}",snap_geolocation_grid,patch_0014_VV_sigma0_preproc.tif,"{""row"": 2206, ""col"": 378}",160,5,linear,0.0,"{""enabled"": true, ""applied"": true, ""status"": ""ok"", ""stage"": ""cfar_water_mask"", ""resampled_shape"": [773, 720], ""sample_shape"": [128, 119], ""sample_max_dim"": 128, ""available"": true, ""method"": ""natural_earth_land_point_mask"", ""bounds_lonlat"": {""west"": -39.394101136363794, ""south"": -18.133456362341153, ""east"": -39.1669898847118, ""north"": -17.913134976998805}, ""mask_path"": ""/content/sismom_colab_work_v2/sources/api/copernicus_meta_1-main/copernicus-platform/frontend/public/shapes/ne_10m_land/ne_10m_land.shp"", ""land_buffer_degrees"": 0.0, ""valid_geolocation_points"": 15232, ""land_points"": 0, ""water_points"": 15232, ""land_fraction"": 0.0, ""water_fraction"": 1.0, ""valid_pixels_before_land_mask"": 555787, ""valid_pixels_after_land_mask"": 555787, ""pixels_masked_by_land"": 0, ""valid_water_fraction"": 1.0, ""land_skip_threshold"": 0.99, ""min_water_fraction"": 0.01, ""skip_land_tiles"": true, ""skipped"": false, ""reason"": ""water_candidate"", ""message"": ""CFAR restrito aos pixels de água.""}",natural_earth_land_point_mask,-17.96543592877955,-39.2061862292029,-1.3799999952316284,-5.449999809265137,-7.889999866485596,13,P014,patch_0014_VV,,,"{""row"": 366, ""col"": 378, ""row_resampled"": 122, ""col_resampled"": 126}",VV,"{""x0"": 0, ""y0"": 1840, ""x1"": 2160, ""y1"": 4160}","{""west"": -39.41229844759597, ""south"": -18.147744412461527, ""east"": -39.16352779174232, ""north"": -17.89549193244656}",EPSG:4326,"[0.00010939857318998339, 0.0, -41.90441975534414, 0.0, -0.00011682754335648635, -17.447121086238678, 0.0, 0.0, 1.0]",,cfar,,S1C_IW_GRDH_1SDV_20260810T081212_20260810T081241_008930_011B7A_AF45,-7.42,,1.0,1.0,1.0,,,1.35,fallback
6,1.6667,"{""row_min"": 363, ""row_max"": 369, ""col_min"": 330, ""col_max"": 342}","{""x0"": 0, ""y0"": 2000, ""x1"": 2000, ""y1"": 4000}","{""west"": -39.394101136363794, ""south"": -18.133456362341153, ""east"": -39.1669898847118, ""north"": -17.913134976998805}",cfar,,,,,geolocation_grid,,"{""type"": ""Polygon"", ""coordinates"": [[[-39.20171089847702, -17.966170543581875], [-39.202813463521565, -17.96591991331701], [-39.20294359724036, -17.966455728129315], [-39.201841029736954, -17.96670635916019], [-39.20171089847702, -17.966170543581875]]]}",snap_geolocation_grid,patch_0014_VV_sigma0_preproc.tif,"{""row"": 2206, ""col"": 336}",160,6,linear,0.0,"{""enabled"": true, ""applied"": true, ""status"": ""ok"", ""stage"": ""cfar_water_mask"", ""resampled_shape"": [773, 720], ""sample_shape"": [128, 119], ""sample_max_dim"": 128, ""available"": true, ""method"": ""natural_earth_land_point_mask"", ""bounds_lonlat"": {""west"": -39.394101136363794, ""south"": -18.133456362341153, ""east"": -39.1669898847118, ""north"": -17.913134976998805}, ""mask_path"": ""/content/sismom_colab_work_v2/sources/api/copernicus_meta_1-main/copernicus-platform/frontend/public/shapes/ne_10m_land/ne_10m_land.shp"", ""land_buffer_degrees"": 0.0, ""valid_geolocation_points"": 15232, ""land_points"": 0, ""water_points"": 15232, ""land_fraction"": 0.0, ""water_fraction"": 1.0, ""valid_pixels_before_land_mask"": 555787, ""valid_pixels_after_land_mask"": 555787, ""pixels_masked_by_land"": 0, ""valid_water_fraction"": 1.0, ""land_skip_threshold"": 0.99, ""min_water_fraction"": 0.01, ""skip_land_tiles"": true, ""skipped"": false, ""reason"": ""water_candidate"", ""message"": ""CFAR restrito aos pixels de água.""}",natural_earth_land_point_mask,-17.9663131360471,-39.20232724724398,-5.389999866485596,-6.329999923706055,-7.320000171661377,13,P014,patch_0014_VV,,,"{""row"": 366, ""col"": 336, ""row_resampled"": 122, ""col_resampled"": 112}",VV,"{""x0"": 0, ""y0"": 1840, ""x1"": 2160, ""y1"": 4160}","{""west"": -39.41229844759597, ""south"": -18.147744412461527, ""east"": -39.16352779174232, ""north"": -17.89549193244656}",EPSG:4326,"[0.00010939857318998339, 0.0, -41.90441975534414, 0.0, -0.00011682754335648635, -17.447121086238678, 0.0, 0.0, 1.0]",,cfar,,S1C_IW_GRDH_1SDV_20260810T081212_20260810T081241_008930_011B7A_AF45,-7.36,,1.0,1.0,1.0,,,1.35,fallback
12,2.0,"{""row_min"": 384, ""row_max"": 390, ""col_min"": 369, ""col_max"": 384}","{""x0"": 0, ""y0"": 2000, ""x1"": 2000, ""y1"": 4000}","{""west"": -39.394101136363794, ""south"": -18.133456362341153, ""east"": -39.1669898847118, ""north"": -17.913134976998805}",cfar,,,,,geolocation_grid,,"{""type"": ""Polygon"", ""coordinates"": [[[-39.20574972225107, -17.96723134103181], [-39.207127939314255, -17.966918049849433], [-39.207258081640965, -17.967453861980704], [-39.20587986150421, -17.967767154120594], [-39.20574972225107, -17.96723134103181]]]}",snap_geolocation_grid,patch_0014_VV_sigma0_preproc.tif,"{""row"": 2227, ""col"": 378}",160,7,linear,0.0,"{""enabled"": true, ""applied"": true, ""status"": ""ok"", ""stage"": ""cfar_water_mask"", ""resampled_shape"": [773, 720], ""sample_shape"": [128, 119], ""sample_max_dim"": 128, ""available"": true, ""method"": ""natural_earth_land_point_mask"", ""bounds_lonlat"": {""west"": -39.394101136363794, ""south"": -18.133456362341153, ""east"": -39.1669898847118, ""north"": -17.913134976998805}, ""mask_path"": ""/content/sismom_colab_work_v2/sources/api/copernicus_meta_1-main/copernicus-platform/frontend/public/shapes/ne_10m_land/ne_10m_land.shp"", ""land_buffer_degrees"": 0.0, ""valid_geolocation_points"": 15232, ""land_points"": 0, ""water_points"": 15232, ""land_fraction"": 0.0, ""water_fraction"": 1.0, ""valid_pixels_before_land_mask"": 555787, ""valid_pixels_after_land_mask"": 555787, ""pixels_masked_by_land"": 0, ""valid_water_fraction"": 1.0, ""land_skip_threshold"": 0.99, ""min_water_fraction"": 0.01, ""skip_land_tiles"": true, ""skipped"": false, ""reason"": ""water_candidate"", ""message"": ""CFAR restrito aos pixels de água.""}",natural_earth_land_point_mask,-17.967311272579522,-39.20664172303761,-1.649999976158142,-5.21999979019165,-7.190000057220459,13,P014,patch_0014_VV,,,"{""row"": 387, ""col"": 378, ""row_resampled"": 129, ""col_resampled"": 126}",VV,"{""x0"": 0, ""y0"": 1840, ""x1"": 2160, ""y1"": 4160}","{""west"": -39.41229844759597, ""south"": -18.147744412461527, ""east"": -39.16352779174232, ""north"": -17.89549193244656}",EPSG:4326,"[0.00010939857318998339, 0.0, -41.90441975534414, 0.0, -0.00011682754335648635, -17.447121086238678, 0.0, 0.0, 1.0]",,cfar,,S1C_IW_GRDH_1SDV_20260810T081212_20260810T081241_008930_011B7A_AF45,-7.36,,1.0,1.0,1.0,,,1.35,fallback
4,1.0,"{""row_min"": 384, ""row_max"": 390, ""col_min"": 390, ""col_max"": 396}","{""x0"": 0, ""y0"": 2000, ""x1"": 2000, ""y1"": 4000}","{""west"": -39.394101136363794, ""south"": -18.133456362341153, ""east"": -39.1669898847118, ""north"": -17.913134976998805}",cfar,,,,,geolocation_grid,,"{""type"": ""Polygon"", ""coordinates"": [[[-39.20767922618384, -17.966792733376483], [-39.20823051305344, -17.966667416903533], [-39.208360657839016, -17.967203228268797], [-39.207809369739984, -17.96732854512475], [-39.20767922618384, -17.966792733376483]]]}",snap_geolocation_grid,patch_0014_VV_sigma0_preproc.tif,"{""row"": 2227, ""col"": 393}",160,8,linear,0.0,"{""enabled"": true, ""applied"": true, ""status"": ""ok"", ""stage"": ""cfar_water_mask"", ""resampled_shape"": [773, 720], ""sample_shape"": [128, 119], ""sample_max_dim"": 128, ""available"": true, ""method"": ""natural_earth_land_point_mask"", ""bounds_lonlat"": {""west"": -39.394101136363794, ""south"": -18.133456362341153, ""east"": -39.1669898847118, ""north"": -17.913134976998805}, ""mask_path"": ""/content/sismom_colab_work_v2/sources/api/copernicus_meta_1-main/copernicus-platform/frontend/public/shapes/ne_10m_land/ne_10m_land.shp"", ""land_buffer_degrees"": 0.0, ""valid_geolocation_points"": 15232, ""land_points"": 0, ""water_points"": 15232, ""land_fraction"": 0.0, ""water_fraction"": 1.0, ""valid_pixels_before_land_mask"": 555787, ""valid_pixels_after_land_mask"": 555787, ""pixels_masked_by_land"": 0, ""valid_water_fraction"": 1.0, ""land_skip_threshold"": 0.99, ""min_water_fraction"": 0.01, ""skip_land_tiles"": true, ""skipped"": false, ""reason"": ""water_candidate"", ""message"": ""CFAR restrito aos pixels de água.""}",natural_earth_land_point_mask,-17.966997980918393,-39.20801994170407,-5.429999828338623,-6.480000019073486,-6.929999828338623,13,P014,patch_0014_VV,,,"{""row"": 387, ""col"": 393, ""row_resampled"": 129, ""col_resampled"": 131}",VV,"{""x0"": 0, ""y0"": 1840, ""x1"": 2160, ""y1"": 4160}","{""west"": -39.41229844759597, ""south"": -18.147744412461527, ""east"": -39.16352779174232, ""north"": -17.89549193244656}",EPSG:4326,"[0.00010939857318998339, 0.0, -41.90441975534414, 0.0, -0.00011682754335648635, -17.447121086238678, 0.0, 0.0, 1.0]",,cfar,,S1C_IW_GRDH_1SDV_20260810T081212_20260810T081241_008930_011B7A_AF45,-7.38,,1.0,1.0,1.0,,,1.35,fallback
24,1.1667,"{""row_min"": 402, ""row_max"": 420, ""col_min"": 372, ""col_max"": 387}","{""x0"": 0, ""y0"": 2000, ""x1"": 2000, ""y1"": 4000}","{""west"": -39.394101136363794, ""south"": -18.133456362341153, ""east"": -39.1669898847118, ""north"": -17.913134976998805}",cfar,,,,,geolocation_grid,,"{""type"": ""Polygon"", ""coordinates"": [[[-39.20641578526727, -17.96877612148718], [-39.207794011573334, -17.968462827432273], [-39.20818444039762, -17.970070263251586], [-39.20680620487083, -17.97038356017903], [-39.20641578526727, -17.96877612148718]]]}",snap_geolocation_grid,patch_0014_VV_sigma0_preproc.tif,"{""row"": 2251, ""col"": 378}",160,9,linear,0.0,"{""enabled"": true, ""applied"": true, ""status"": ""ok"", ""stage"": ""cfar_water_mask"", ""resampled_shape"": [773, 720], ""sample_shape"": [128, 119], ""sample_max_dim"": 128, ""available"": true, ""method"": ""natural_earth_land_point_mask"", ""bounds_lonlat"": {""west"": -39.394101136363794, ""south"": -18.133456362341153, ""east"": -39.1669898847118, ""north"": -17.913134976998805}, ""mask_path"": ""/content/sismom_colab_work_v2/sources/api/copernicus_meta_1-main/copernicus-platform/frontend/public/shapes/ne_10m_land/ne_10m_land.shp"", ""land_buffer_degrees"": 0.0, ""valid_geolocation_points"": 15232, ""land_points"": 0, ""water_points"": 15232, ""land_fraction"": 0.0, ""water_fraction"": 1.0, ""valid_pixels_before_land_mask"": 555787, ""valid_pixels_after_land_mask"": 555787, ""pixels_masked_by_land"": 0, ""valid_water_fraction"": 1.0, ""land_skip_threshold"": 0.99, ""min_water_fraction"": 0.01, ""skip_land_tiles"": true, ""skipped"": false, ""reason"": ""water_candidate"", ""message"": ""CFAR restrito aos pixels de água.""}",natural_earth_land_point_mask,-17.969454522636635,-39.207162287426755,-2.309999942779541,-4.96999979019165,-7.25,13,P014,patch_0014_VV,,,"{""row"": 411, ""col"": 378, ""row_resampled"": 137, ""col_resampled"": 126}",VV,"{""x0"": 0, ""y0"": 1840, ""x1"": 2160, ""y1"": 4160}","{""west"": -39.41229844759597, ""south"": -18.147744412461527, ""east"": -39.16352779174232, ""north"": -17.89549193244656}",EPSG:4326,"[0.00010939857318998339, 0.0, -41.90441975534414, 0.0, -0.00011682754335648635, -17.447121086238678, 0.0, 0.0, 1.0]",,cfar,,S1C_IW_GRDH_1SDV_20260810T081212_20260810T081241_008930_011B7A_AF45,-7.0,,1.0,1.0,1.0,,,1.35,fallback
13,2.6667,"{""row_min"": 453, ""row_max"": 474, ""col_min"": 699, ""col_max"": 705}","{""x0"": 0, ""y0"": 2000, ""x1"": 2000, ""y1"": 4000}","{""west"": -39.394101136363794, ""south"": -18.133456362341153, ""east"": -39.1669898847118, ""north"": -17.913134976998805}",cfar,,,,,geolocation_grid,,"{""type"": ""Polygon"", ""coordinates"": [[[-39.2375678812008, -17.966500543290113], [-39.23811918226792, -17.96637522241261], [-39.23857491063088, -17.96825049315443], [-39.23802360526067, -17.968375815372454], [-39.2375678812008, -17.966500543290113]]]}",snap_geolocation_grid,patch_0014_VV_sigma0_preproc.tif,"{""row"": 2302, ""col"": 702}",160,10,linear,0.0,"{""enabled"": true, ""applied"": true, ""status"": ""ok"", ""stage"": ""cfar_water_mask"", ""resampled_shape"": [773, 720], ""sample_shape"": [128, 119], ""sample_max_dim"": 128, ""available"": true, ""method"": ""natural_earth_land_point_mask"", ""bounds_lonlat"": {""west"": -39.394101136363794, ""south"": -18.133456362341153, ""east"": -39.1669898847118, ""north"": -17.913134976998805}, ""mask_path"": ""/content/sismom_colab_work_v2/sources/api/copernicus_meta_1-main/copernicus-platform/frontend/public/shapes/ne_10m_land/ne_10m_land.shp"", ""land_buffer_degrees"": 0.0, ""valid_geolocation_points"": 15232, ""land_points"": 0, ""water_points"": 15232, ""land_fraction"": 0.0, ""water_fraction"": 1.0, ""valid_pixels_before_land_mask"": 555787, ""valid_pixels_after_land_mask"": 555787, ""pixels_masked_by_land"": 0, ""valid_water_fraction"": 1.0, ""land_skip_threshold"": 0.99, ""min_water_fraction"": 0.01, ""skip_land_tiles"": true, ""skipped"": false, ""reason"": ""water_candidate"", ""message"": ""CFAR restrito aos pixels de água.""}",natural_earth_land_point_mask,-17.967241570599395,-39.23803884296896,6.579999923706055,-2.2200000286102295,-8.489999771118164,13,P014,patch_0014_VV,,,"{""row"": 462, ""col"": 702, ""row_resampled"": 154, ""col_resampled"": 234}",VV,"{""x0"": 0, ""y0"": 1840, ""x1"": 2160, ""y1"": 4160}","{""west"": -39.41229844759597, ""south"": -18.147744412461527, ""east"": -39.16352779174232, ""north"": -17.89549193244656}",EPSG:4326,"[0.00010939857318998339, 0.0, -41.90441975534414, 0.0, -0.00011682754335648635, -17.447121086238678, 0.0, 0.0, 1.0]",,cfar,,S1C_IW_GRDH_1SDV_20260810T081212_20260810T081241_008930_011B7A_AF45,-8.62,,1.0,1.0,1.0,,,1.35,fallback
3,1.5,"{""row_min"": 774, ""row_max"": 780, ""col_min"": 771, ""col_max"": 774}","{""x0"": 0, ""y0"": 2000, ""x1"": 2000, ""y1"": 4000}","{""west"": -39.394101136363794, ""south"": -18.133456362341153, ""east"": -39.1669898847118, ""north"": -17.913134976998805}",cfar,,,,,geolocation_grid,,"{""type"": ""Polygon"", ""coordinates"": [[[-39.251150351120856, -17.993661320129664], [-39.25142603452415, -17.993598649445534], [-39.25155625677348, -17.9941344366815], [-39.25128057275545, -17.99419710755713], [-39.251150351120856, -17.993661320129664]]]}",snap_geolocation_grid,patch_0014_VV_sigma0_preproc.tif,"{""row"": 2617, ""col"": 774}",160,11,linear,0.0,"{""enabled"": true, ""applied"": true, ""status"": ""ok"", ""stage"": ""cfar_water_mask"", ""resampled_shape"": [773, 720], ""sample_shape"": [128, 119], ""sample_max_dim"": 128, ""available"": true, ""method"": ""natural_earth_land_point_mask"", ""bounds_lonlat"": {""west"": -39.394101136363794, ""south"": -18.133456362341153, ""east"": -39.1669898847118, ""north"": -17.913134976998805}, ""mask_path"": ""/content/sismom_colab_work_v2/sources/api/copernicus_meta_1-main/copernicus-platform/frontend/public/shapes/ne_10m_land/ne_10m_land.shp"", ""land_buffer_degrees"": 0.0, ""valid_geolocation_points"": 15232, ""land_points"": 0, ""water_points"": 15232, ""land_fraction"": 0.0, ""water_fraction"": 1.0, ""valid_pixels_before_land_mask"": 555787, ""valid_pixels_after_land_mask"": 555787, ""pixels_masked_by_land"": 0, ""valid_water_fraction"": 1.0, ""land_skip_threshold"": 0.99, ""min_water_fraction"": 0.01, ""skip_land_tiles"": true, ""skipped"": false, ""reason"": ""water_candidate"", ""message"": ""CFAR restrito aos pixels de água.""}",natural_earth_land_point_mask,-17.993866543063515,-39.251491145648814,-7.909999847412109,-9.050000190734863,-9.989999771118164,13,P014,patch_0014_VV,,,"{""row"": 777, ""col"": 774, ""row_resampled"": 259, ""col_resampled"": 258}",VV,"{""x0"": 0, ""y0"": 1840, ""x1"": 2160, ""y1"": 4160}","{""west"": -39.41229844759597, ""south"": -18.147744412461527, ""east"": -39.16352779174232, ""north"": -17.89549193244656}",EPSG:4326,"[0.00010939857318998339, 0.0, -41.90441975534414, 0.0, -0.00011682754335648635, -17.447121086238678, 0.0, 0.0, 1.0]",,cfar,,S1C_IW_GRDH_1SDV_20260810T081212_20260810T081241_008930_011B7A_AF45,-10.31,,1.0,1.0,1.0,,,1.35,fallback
3,1.0,"{""row_min"": 2148, ""row_max"": 2151, ""col_min"": 459, ""col_max"": 462}","{""x0"": 4000, ""y0"": 6000, ""x1"": 6000, ""y1"": 8000}","{""west"": -39.85010998528406, ""south"": -18.406562933155104, ""east"": -39.62179851915677, ""north"": -18.185839394459574}",cfar,,,,,geolocation_grid,,"{""type"": ""Polygon"", ""coordinates"": [[[-39.693132691532085, -18.399238559952675], [-39.69340999354115, -18.399174916675474], [-39.6934769265863, -18.399442400822654], [-39.69319961905076, -18.399506045413013], [-39.693132691532085, -18.399238559952675]]]}",snap_geolocation_grid,patch_0042_VV_sigma0_preproc.tif,"{""row"": 7988, ""col"": 4302}",160,12,linear,0.81536865234375,"{""enabled"": true, ""applied"": true, ""status"": ""ok"", ""stage"": ""cfar_water_mask"", ""resampled_shape"": [773, 773], ""sample_shape"": [128, 128], ""sample_max_dim"": 128, ""available"": true, ""method"": ""natural_earth_land_point_mask"", ""bounds_lonlat"": {""west"": -39.85010998528406, ""south"": -18.406562933155104, ""east"": -39.62179851915677, ""north"": -18.185839394459574}, ""mask_path"": ""/content/sismom_colab_work_v2/sources/api/copernicus_meta_1-main/copernicus-platform/frontend/public/shapes/ne_10m_land/ne_10m_land.shp"", ""land_buffer_degrees"": 0.0, ""valid_geolocation_points"": 16384, ""land_points"": 13359, ""water_points"": 3025, ""land_fraction"": 0.81536865234375, ""water_fraction"": 0.18463134765625, ""valid_pixels_before_land_mask"": 597529, ""valid_pixels_after_land_mask"": 108947, ""pixels_masked_by_land"": 488582, ""valid_water_fraction"": 0.18232922586184103, ""land_skip_threshold"": 0.99, ""min_water_fraction"": 0.01, ""skip_land_tiles"": true, ""skipped"": false, ""reason"": ""water_candidate"", ""message"": ""CFAR restrito aos pixels de água.""}",natural_earth_land_point_mask,-18.399174916675474,-39.69340999354115,-2.5899999141693115,-3.7200000286102295,-4.889999866485596,41,P042,patch_0042_VV,,,"{""row"": 2148, ""col"": 462, ""row_resampled"": 716, ""col_resampled"": 154}",VV,"{""x0"": 3840, ""y0"": 5840, ""x1"": 6160, ""y1"": 8160}","{""west"": -39.868423874287075, ""south"": -18.424234104663952, ""east"": -39.60357782304244, ""north"": -18.168159328808485}",EPSG:4326,"[0.00010939857318998339, 0.0, -41.484329234294606, 0.0, -0.00011682754335648635, -17.914431259664624, 0.0, 0.0, 1.0]",,cfar,,S1C_IW_GRDH_1SDV_20260810T081212_20260810T081241_008930_011B7A_AF45,-4.9,,1.0,0.18232922586184103,0.18463134765625,,,1.35,fallback
4,1.5,"{""row_min"": 201, ""row_max"": 207, ""col_min"": 456, ""col_max"": 459}","{""x0"": 4000, ""y0"": 8000, ""x1"": 6000, ""y1"": 10000}","{""west"": -39.89512045319912, ""south"": -18.584976303674136, ""east"": -39.665760437131844, ""north"": -18.36427939450248}",cfar,,,,,geolocation_grid,,"{""type"": ""Polygon"", ""coordinates"": [[[-39.69403767806081, -18.40402780289498], [-39.69431507770423, -18.403964136418633], [-39.69444893274441, -18.40449910733931], [-39.69417152204804, -18.404562776441974], [-39.69403767806081, -18.40402780289498]]]}",snap_geolocation_grid,patch_0055_VV_sigma0_preproc.tif,"{""row"": 8044, ""col"": 4296}",160,13,linear,0.80279541015625,"{""enabled"": true, ""applied"": true, ""status"": ""ok"", ""stage"": ""cfar_water_mask"", ""resampled_shape"": [773, 773], ""sample_shape"": [128, 128], ""sample_max_dim"": 128, ""available"": true, ""method"": ""natural_earth_land_point_mask"", ""bounds_lonlat"": {""west"": -39.89512045319912, ""south"": -18.584976303674136, ""east"": -39.665760437131844, ""north"": -18.36427939450248}, ""mask_path"": ""/content/sismom_colab_work_v2/sources/api/copernicus_meta_1-main/copernicus-platform/frontend/public/shapes/ne_10m_land/ne_10m_land.shp"", ""land_buffer_degrees"": 0.0, ""valid_geolocation_points"": 16384, ""land_points"": 13153, ""water_points"": 3231, ""land_fraction"": 0.80279541015625, ""water_fraction"": 0.19720458984375, ""valid_pixels_before_land_mask"": 597529, ""valid_pixels_after_land_mask"": 116882, ""pixels_masked_by_land"": 480647, ""valid_water_fraction"": 0.19560891605261, ""land_skip_threshold"": 0.99, ""min_water_fraction"": 0.01, ""skip_land_tiles"": true, ""skipped"": false, ""reason"": ""water_candidate"", ""message"": ""CFAR restrito aos pixels de água.""}",natural_earth_land_point_mask,-18.404295289668475,-39.69410460005442,-2.990000009536743,-4.519999980926514,-5.230000019073486,54,P055,patch_0055_VV,,,"{""row"": 204, ""col"": 456, ""row_resampled"": 68, ""col_resampled"": 152}",VV,"{""x0"": 3840, ""y0"": 7840, ""x1"": 6160, ""y1"": 10160}","{""west"": -39.91331035704395, ""south"": -18.60269156167722, ""east"": -39.64745067567289, ""north"": -18.346625892729797}",EPSG:4326,"[0.00010939857318998339, 0.0, -41.484329234294606, 0.0, -0.00011682754335648635, -18.148086346377596, 0.0, 0.0, 1.0]",,cfar,,S1C_IW_GRDH_1SDV_20260810T081212_20260810T081241_008930_011B7A_AF45,-5.48,,1.0,0.19560891605261,0.19720458984375,,,1.35,fallback
3,3.0,"{""row_min"": 264, ""row_max"": 270, ""col_min"": 462, ""col_max"": 462}","{""x0"": 4000, ""y0"": 8000, ""x1"": 6000, ""y1"": 10000}","{""west"": -39.89512045319912, ""south"": -18.584976303674136, ""east"": -39.665760437131844, ""north"": -18.36427939450248}",cfar,,,,,geolocation_grid,,"{""type"": ""Polygon"", ""coordinates"": [[[-39.69599807132829, -18.40951763703303], [-39.69599807132829, -18.40951763703303], [-39.6961319374235, -18.410052605327387], [-39.6961319374235, -18.410052605327387], [-39.69599807132829, -18.40951763703303]]]}",snap_geolocation_grid,patch_0055_VV_sigma0_preproc.tif,"{""row"": 8107, ""col"": 4302}",160,14,linear,0.80279541015625,"{""enabled"": true, ""applied"": true, ""status"": ""ok"", ""stage"": ""cfar_water_mask"", ""resampled_shape"": [773, 773], ""sample_shape"": [128, 128], ""sample_max_dim"": 128, ""available"": true, ""method"": ""natural_earth_land_point_mask"", ""bounds_lonlat"": {""west"": -39.89512045319912, ""south"": -18.584976303674136, ""east"": -39.665760437131844, ""north"": -18.36427939450248}, ""mask_path"": ""/content/sismom_colab_work_v2/sources/api/copernicus_meta_1-main/copernicus-platform/frontend/public/shapes/ne_10m_land/ne_10m_land.shp"", ""land_buffer_degrees"": 0.0, ""valid_geolocation_points"": 16384, ""land_points"": 13153, ""water_points"": 3231, ""land_fraction"": 0.80279541015625, ""water_fraction"": 0.19720458984375, ""valid_pixels_before_land_mask"": 597529, ""valid_pixels_after_land_mask"": 116882, ""pixels_masked_by_land"": 480647, ""valid_water_fraction"": 0.19560891605261, ""land_skip_threshold"": 0.99, ""min_water_fraction"": 0.01, ""skip_land_tiles"": true, ""skipped"": false, ""reason"": ""water_candidate"", ""message"": ""CFAR restrito aos pixels de água.""}",natural_earth_land_point_mask,-18.40978512118021,-39.696065004375896,-1.1299999952316284,-2.4700000286102295,-4.860000133514404,54,P055,patch_0055_VV,,,"{""row"": 267, ""col"": 462, ""row_resampled"": 89, ""col_resampled"": 154}",VV,"{""x0"": 3840, ""y0"": 7840, ""x1"": 6160, ""y1"": 10160}","{""west"": -39.91331035704395, ""south"": -18.60269156167722, ""east"": -39.64745067567289, ""north"": -18.346625892729797}",EPSG:4326,"[0.00010939857318998339, 0.0, -41.484329234294606, 0.0, -0.00011682754335648635, -18.148086346377596, 0.0, 0.0, 1.0]",,cfar,,S1C_IW_GRDH_1SDV_20260810T081212_20260810T081241_008930_011B7A_AF45,-6.63,,1.0,0.19560891605261,0.19720458984375,,,1.35,fallback
3,3.0,"{""row_min"": 2085, ""row_max"": 2091, ""col_min"": 408, ""col_max"": 408}","{""x0"": 4000, ""y0"": 8000, ""x1"": 6000, ""y1"": 10000}","{""west"": -39.89512045319912, ""south"": -18.584976303674136, ""east"": -39.665760437131844, ""north"": -18.36427939450248}",cfar,,,,,geolocation_grid,,"{""type"": ""Polygon"", ""coordinates"": [[[-39.73155972216879, -18.57304414423425], [-39.73155972216879, -18.57304414423425], [-39.73169234427896, -18.573579423686073], [-39.73169234427896, -18.573579423686073], [-39.73155972216879, -18.57304414423425]]]}",snap_geolocation_grid,patch_0055_VV_sigma0_preproc.tif,"{""row"": 9928, ""col"": 4248}",160,15,linear,0.80279541015625,"{""enabled"": true, ""applied"": true, ""status"": ""ok"", ""stage"": ""cfar_water_mask"", ""resampled_shape"": [773, 773], ""sample_shape"": [128, 128], ""sample_max_dim"": 128, ""available"": true, ""method"": ""natural_earth_land_point_mask"", ""bounds_lonlat"": {""west"": -39.89512045319912, ""south"": -18.584976303674136, ""east"": -39.665760437131844, ""north"": -18.36427939450248}, ""mask_path"": ""/content/sismom_colab_work_v2/sources/api/copernicus_meta_1-main/copernicus-platform/frontend/public/shapes/ne_10m_land/ne_10m_land.shp"", ""land_buffer_degrees"": 0.0, ""valid_geolocation_points"": 16384, ""land_points"": 13153, ""water_points"": 3231, ""land_fraction"": 0.80279541015625, ""water_fraction"": 0.19720458984375, ""valid_pixels_before_land_mask"": 597529, ""valid_pixels_after_land_mask"": 116882, ""pixels_masked_by_land"": 480647, ""valid_water_fraction"": 0.19560891605261, ""land_skip_threshold"": 0.99, ""min_water_fraction"": 0.01, ""skip_land_tiles"": true, ""skipped"": false, ""reason"": ""water_candidate"", ""message"": ""CFAR restrito aos pixels de água.""}",natural_earth_land_point_mask,-18.57331178396016,-39.731626033223876,-3.5199999809265137,-5.5,-6.880000114440918,54,P055,patch_0055_VV,,,"{""row"": 2088, ""col"": 408, ""row_resampled"": 696, ""col_resampled"": 136}",VV,"{""x0"": 3840, ""y0"": 7840, ""x1"": 6160, ""y1"": 10160}","{""west"": -39.91331035704395, ""south"": -18.60269156167722, ""east"": -39.64745067567289, ""north"": -18.346625892729797}",EPSG:4326,"[0.00010939857318998339, 0.0, -41.484329234294606, 0.0, -0.00011682754335648635, -18.148086346377596, 0.0, 0.0, 1.0]",,cfar,,S1C_IW_GRDH_1SDV_20260810T081212_20260810T081241_008930_011B7A_AF45,-7.94,,1.0,0.19560891605261,0.19720458984375,,,1.35,fallback
3,3.0,"{""row_min"": 879, ""row_max"": 885, ""col_min"": 315, ""col_max"": 315}","{""x0"": 4000, ""y0"": 10000, ""x1"": 6000, ""y1"": 12000}","{""west"": -39.93963666423141, ""south"": -18.763424681091443, ""east"": -39.710003027611194, ""north"": -18.542500192725214}",cfar,,,,,geolocation_grid,,"{""type"": ""Polygon"", ""coordinates"": [[[-39.740377515023454, -18.6458853168912], [-39.740377515023454, -18.6458853168912], [-39.74050991854692, -18.64642065251809], [-39.74050991854692, -18.64642065251809], [-39.740377515023454, -18.6458853168912]]]}",snap_geolocation_grid,patch_0068_VV_sigma0_preproc.tif,"{""row"": 10722, ""col"": 4155}",160,16,linear,0.88885498046875,"{""enabled"": true, ""applied"": true, ""status"": ""ok"", ""stage"": ""cfar_water_mask"", ""resampled_shape"": [773, 773], ""sample_shape"": [128, 128], ""sample_max_dim"": 128, ""available"": true, ""method"": ""natural_earth_land_point_mask"", ""bounds_lonlat"": {""west"": -39.93963666423141, ""south"": -18.763424681091443, ""east"": -39.710003027611194, ""north"": -18.542500192725214}, ""mask_path"": ""/content/sismom_colab_work_v2/sources/api/copernicus_meta_1-main/copernicus-platform/frontend/public/shapes/ne_10m_land/ne_10m_land.shp"", ""land_buffer_degrees"": 0.0, ""valid_geolocation_points"": 16384, ""land_points"": 14563, ""water_points"": 1821, ""land_fraction"": 0.88885498046875, ""water_fraction"": 0.11114501953125, ""valid_pixels_before_land_mask"": 597529, ""valid_pixels_after_land_mask"": 64962, ""pixels_masked_by_land"": 532567, ""valid_water_fraction"": 0.10871773587558094, ""land_skip_threshold"": 0.99, ""min_water_fraction"": 0.01, ""skip_land_tiles"": true, ""skipped"": false, ""reason"": ""water_candidate"", ""message"": ""CFAR restrito aos pixels de água.""}",natural_earth_land_point_mask,-18.646152984704642,-39.74044371678519,-5.400000095367432,-6.170000076293945,-7.269999980926514,67,P068,patch_0068_VV,,,"{""row"": 882, ""col"": 315, ""row_resampled"": 294, ""col_resampled"": 105}",VV,"{""x0"": 3840, ""y0"": 9840, ""x1"": 6160, ""y1"": 12160}","{""west"": -39.95794767863877, ""south"": -18.781145475968867, ""east"": -39.69150010534972, ""north"": -18.524864747367623}",EPSG:4326,"[0.00010939857318998339, 0.0, -41.484329234294606, 0.0, -0.00011682754335648635, -18.38174143309057, 0.0, 0.0, 1.0]",,cfar,,S1C_IW_GRDH_1SDV_20260810T081212_20260810T081241_008930_011B7A_AF45,-7.55,,1.0,0.10871773587558094,0.11114501953125,,,1.35,fallback
19,2.6667,"{""row_min"": 891, ""row_max"": 912, ""col_min"": 312, ""col_max"": 318}","{""x0"": 4000, ""y0"": 10000, ""x1"": 6000, ""y1"": 12000}","{""west"": -39.93963666423141, ""south"": -18.763424681091443, ""east"": -39.710003027611194, ""north"": -18.542500192725214}",cfar,,,,,geolocation_grid,,"{""type"": ""Polygon"", ""coordinates"": [[[-39.74036137626122, -18.647020504235233], [-39.74092326787953, -18.64689147205473], [-39.74138668432657, -18.648765145599832], [-39.7408247844795, -18.648894180078365], [-39.74036137626122, -18.647020504235233]]]}",snap_geolocation_grid,patch_0068_VV_sigma0_preproc.tif,"{""row"": 10740, ""col"": 4155}",160,17,linear,0.88885498046875,"{""enabled"": true, ""applied"": true, ""status"": ""ok"", ""stage"": ""cfar_water_mask"", ""resampled_shape"": [773, 773], ""sample_shape"": [128, 128], ""sample_max_dim"": 128, ""available"": true, ""method"": ""natural_earth_land_point_mask"", ""bounds_lonlat"": {""west"": -39.93963666423141, ""south"": -18.763424681091443, ""east"": -39.710003027611194, ""north"": -18.542500192725214}, ""mask_path"": ""/content/sismom_colab_work_v2/sources/api/copernicus_meta_1-main/copernicus-platform/frontend/public/shapes/ne_10m_land/ne_10m_land.shp"", ""land_buffer_degrees"": 0.0, ""valid_geolocation_points"": 16384, ""land_points"": 14563, ""water_points"": 1821, ""land_fraction"": 0.88885498046875, ""water_fraction"": 0.11114501953125, ""valid_pixels_before_land_mask"": 597529, ""valid_pixels_after_land_mask"": 64962, ""pixels_masked_by_land"": 532567, ""valid_water_fraction"": 0.10871773587558094, ""land_skip_threshold"": 0.99, ""min_water_fraction"": 0.01, ""skip_land_tiles"": true, ""skipped"": false, ""reason"": ""water_candidate"", ""message"": ""CFAR restrito aos pixels de água.""}",natural_earth_land_point_mask,-18.647758991585317,-39.740840927355706,-5.03000020980835,-7.130000114440918,-8.369999885559082,67,P068,patch_0068_VV,,,"{""row"": 900, ""col"": 315, ""row_resampled"": 300, ""col_resampled"": 105}",VV,"{""x0"": 3840, ""y0"": 9840, ""x1"": 6160, ""y1"": 12160}","{""west"": -39.95794767863877, ""south"": -18.781145475968867, ""east"": -39.69150010534972, ""north"": -18.524864747367623}",EPSG:4326,"[0.00010939857318998339, 0.0, -41.484329234294606, 0.0, -0.00011682754335648635, -18.38174143309057, 0.0, 0.0, 1.0]",,cfar,,S1C_IW_GRDH_1SDV_20260810T081212_20260810T081241_008930_011B7A_AF45,-8.58,,1.0,0.10871773587558094,0.11114501953125,,,1.35,fallback
7,3.0,"{""row_min"": 1206, ""row_max"": 1221, ""col_min"": 279, ""col_max"": 282}","{""x0"": 4000, ""y0"": 10000, ""x1"": 6000, ""y1"": 12000}","{""west"": -39.93963666423141, ""south"": -18.763424681091443, ""east"": -39.710003027611194, ""north"": -18.542500192725214}",cfar,,,,,geolocation_grid,,"{""type"": ""Polygon"", ""coordinates"": [[[-39.744221416753916, -18.675835508462306], [-39.744502424278735, -18.675770975136842], [-39.7448334007582, -18.677109323232038], [-39.744552390294544, -18.67717385737823], [-39.744221416753916, -18.675835508462306]]]}",snap_geolocation_grid,patch_0068_VV_sigma0_preproc.tif,"{""row"": 11052, ""col"": 4122}",160,18,linear,0.88885498046875,"{""enabled"": true, ""applied"": true, ""status"": ""ok"", ""stage"": ""cfar_water_mask"", ""resampled_shape"": [773, 773], ""sample_shape"": [128, 128], ""sample_max_dim"": 128, ""available"": true, ""method"": ""natural_earth_land_point_mask"", ""bounds_lonlat"": {""west"": -39.93963666423141, ""south"": -18.763424681091443, ""east"": -39.710003027611194, ""north"": -18.542500192725214}, ""mask_path"": ""/content/sismom_colab_work_v2/sources/api/copernicus_meta_1-main/copernicus-platform/frontend/public/shapes/ne_10m_land/ne_10m_land.shp"", ""land_buffer_degrees"": 0.0, ""valid_geolocation_points"": 16384, ""land_points"": 14563, ""water_points"": 1821, ""land_fraction"": 0.88885498046875, ""water_fraction"": 0.11114501953125, ""valid_pixels_before_land_mask"": 597529, ""valid_pixels_after_land_mask"": 64962, ""pixels_masked_by_land"": 532567, ""valid_water_fraction"": 0.10871773587558094, ""land_skip_threshold"": 0.99, ""min_water_fraction"": 0.01, ""skip_land_tiles"": true, ""skipped"": false, ""reason"": ""water_candidate"", ""message"": ""CFAR restrito aos pixels de água.""}",natural_earth_land_point_mask,-18.676306314374923,-39.744634814870714,-4.579999923706055,-6.869999885559082,-9.600000381469727,67,P068,patch_0068_VV,,,"{""row"": 1212, ""col"": 282, ""row_resampled"": 404, ""col_resampled"": 94}",VV,"{""x0"": 3840, ""y0"": 9840, ""x1"": 6160, ""y1"": 12160}","{""west"": -39.95794767863877, ""south"": -18.781145475968867, ""east"": -39.69150010534972, ""north"": -18.524864747367623}",EPSG:4326,"[0.00010939857318998339, 0.0, -41.484329234294606, 0.0, -0.00011682754335648635, -18.38174143309057, 0.0, 0.0, 1.0]",,cfar,,S1C_IW_GRDH_1SDV_20260810T081212_20260810T081241_008930_011B7A_AF45,-10.51,,1.0,0.10871773587558094,0.11114501953125,,,1.35,fallback
13,2.6667,"{""row_min"": 1227, ""row_max"": 1248, ""col_min"": 276, ""col_max"": 282}","{""x0"": 4000, ""y0"": 10000, ""x1"": 6000, ""y1"": 12000}","{""west"": -39.93963666423141, ""south"": -18.763424681091443, ""east"": -39.710003027611194, ""north"": -18.542500192725214}",cfar,,,,,geolocation_grid,,"{""type"": ""Polygon"", ""coordinates"": [[[-39.744403768071194, -18.677773731419073], [-39.744965791349586, -18.677644662470115], [-39.74542915841945, -18.67951834980339], [-39.74486712691231, -18.679647421050372], [-39.744403768071194, -18.677773731419073]]]}",snap_geolocation_grid,patch_0068_VV_sigma0_preproc.tif,"{""row"": 11076, ""col"": 4119}",160,19,linear,0.88885498046875,"{""enabled"": true, ""applied"": true, ""status"": ""ok"", ""stage"": ""cfar_water_mask"", ""resampled_shape"": [773, 773], ""sample_shape"": [128, 128], ""sample_max_dim"": 128, ""available"": true, ""method"": ""natural_earth_land_point_mask"", ""bounds_lonlat"": {""west"": -39.93963666423141, ""south"": -18.763424681091443, ""east"": -39.710003027611194, ""north"": -18.542500192725214}, ""mask_path"": ""/content/sismom_colab_work_v2/sources/api/copernicus_meta_1-main/copernicus-platform/frontend/public/shapes/ne_10m_land/ne_10m_land.shp"", ""land_buffer_degrees"": 0.0, ""valid_geolocation_points"": 16384, ""land_points"": 14563, ""water_points"": 1821, ""land_fraction"": 0.88885498046875, ""water_fraction"": 0.11114501953125, ""valid_pixels_before_land_mask"": 597529, ""valid_pixels_after_land_mask"": 64962, ""pixels_masked_by_land"": 532567, ""valid_water_fraction"": 0.10871773587558094, ""land_skip_threshold"": 0.99, ""min_water_fraction"": 0.01, ""skip_land_tiles"": true, ""skipped"": false, ""reason"": ""water_candidate"", ""message"": ""CFAR restrito aos pixels de água.""}",natural_earth_land_point_mask,-18.678512206294144,-39.74488336383418,-2.569999933242798,-6.880000114440918,-9.739999771118164,67,P068,patch_0068_VV,,,"{""row"": 1236, ""col"": 279, ""row_resampled"": 412, ""col_resampled"": 93}",VV,"{""x0"": 3840, ""y0"": 9840, ""x1"": 6160, ""y1"": 12160}","{""west"": -39.95794767863877, ""south"": -18.781145475968867, ""east"": -39.69150010534972, ""north"": -18.524864747367623}",EPSG:4326,"[0.00010939857318998339, 0.0, -41.484329234294606, 0.0, -0.00011682754335648635, -18.38174143309057, 0.0, 0.0, 1.0]",,cfar,,S1C_IW_GRDH_1SDV_20260810T081212_20260810T081241_008930_011B7A_AF45,-10.41,,1.0,0.10871773587558094,0.11114501953125,,,1.35,fallback
3,1.0,"{""row_min"": 321, ""row_max"": 324, ""col_min"": 1125, ""col_max"": 1128}","{""x0"": 2000, ""y0"": 14000, ""x1"": 4000, ""y1"": 16000}","{""west"": -39.8427531054542, ""south"": -19.16269029305275, ""east"": -39.613349549900725, ""north"": -18.941953934509804}",cfar,,,,,geolocation_grid,,"{""type"": ""Polygon"", ""coordinates"": [[[-39.7060456927393, -18.978283877859983], [-39.70632277388054, -18.978220421346826], [-39.706389041350896, -18.978488110674423], [-39.706111959813335, -18.978551567310685], [-39.7060456927393, -18.978283877859983]]]}",snap_geolocation_grid,patch_0093_VV_sigma0_preproc.tif,"{""row"": 14164, ""col"": 2968}",160,20,linear,0.520263671875,"{""enabled"": true, ""applied"": true, ""status"": ""ok"", ""stage"": ""cfar_water_mask"", ""resampled_shape"": [773, 773], ""sample_shape"": [128, 128], ""sample_max_dim"": 128, ""available"": true, ""method"": ""natural_earth_land_point_mask"", ""bounds_lonlat"": {""west"": -39.8427531054542, ""south"": -19.16269029305275, ""east"": -39.613349549900725, ""north"": -18.941953934509804}, ""mask_path"": ""/content/sismom_colab_work_v2/sources/api/copernicus_meta_1-main/copernicus-platform/frontend/public/shapes/ne_10m_land/ne_10m_land.shp"", ""land_buffer_degrees"": 0.0, ""valid_geolocation_points"": 16384, ""land_points"": 8524, ""water_points"": 7860, ""land_fraction"": 0.520263671875, ""water_fraction"": 0.479736328125, ""valid_pixels_before_land_mask"": 597529, ""valid_pixels_after_land_mask"": 286585, ""pixels_masked_by_land"": 310944, ""valid_water_fraction"": 0.4796168888874013, ""land_skip_threshold"": 0.99, ""min_water_fraction"": 0.01, ""skip_land_tiles"": true, ""skipped"": false, ""reason"": ""water_candidate"", ""message"": ""CFAR restrito aos pixels de água.""}",natural_earth_land_point_mask,-18.978488110674423,-39.706389041350896,-7.960000038146973,-8.510000228881836,-8.979999542236328,92,P093,patch_0093_VV,,,"{""row"": 324, ""col"": 1128, ""row_resampled"": 108, ""col_resampled"": 376}",VV,"{""x0"": 1840, ""y0"": 13840, ""x1"": 4160, ""y1"": 16160}","{""west"": -39.86148253105868, ""south"": -19.180347054695876, ""east"": -39.59504111596498, ""north"": -18.924214669770695}",EPSG:4326,"[0.00010939857318998339, 0.0, -41.703126380674576, 0.0, -0.00011682754335648635, -18.849051606516515, 0.0, 0.0, 1.0]",,cfar,,S1C_IW_GRDH_1SDV_20260810T081212_20260810T081241_008930_011B7A_AF45,-9.08,,1.0,0.4796168888874013,0.479736328125,,,1.35,fallback
3,3.0,"{""row_min"": 1293, ""row_max"": 1299, ""col_min"": 1056, ""col_max"": 1056}","{""x0"": 2000, ""y0"": 14000, ""x1"": 4000, ""y1"": 16000}","{""west"": -39.8427531054542, ""south"": -19.16269029305275, ""east"": -39.613349549900725, ""north"": -18.941953934509804}",cfar,,,,,geolocation_grid,,"{""type"": ""Polygon"", ""coordinates"": [[[-39.72114040663724, -19.066475677096573], [-39.72114040663724, -19.066475677096573], [-39.72127292256581, -19.06701106166098], [-39.72127292256581, -19.06701106166098], [-39.72114040663724, -19.066475677096573]]]}",snap_geolocation_grid,patch_0093_VV_sigma0_preproc.tif,"{""row"": 15136, ""col"": 2896}",160,21,linear,0.520263671875,"{""enabled"": true, ""applied"": true, ""status"": ""ok"", ""stage"": ""cfar_water_mask"", ""resampled_shape"": [773, 773], ""sample_shape"": [128, 128], ""sample_max_dim"": 128, ""available"": true, ""method"": ""natural_earth_land_point_mask"", ""bounds_lonlat"": {""west"": -39.8427531054542, ""south"": -19.16269029305275, ""east"": -39.613349549900725, ""north"": -18.941953934509804}, ""mask_path"": ""/content/sismom_colab_work_v2/sources/api/copernicus_meta_1-main/copernicus-platform/frontend/public/shapes/ne_10m_land/ne_10m_land.shp"", ""land_buffer_degrees"": 0.0, ""valid_geolocation_points"": 16384, ""land_points"": 8524, ""water_points"": 7860, ""land_fraction"": 0.520263671875, ""water_fraction"": 0.479736328125, ""valid_pixels_before_land_mask"": 597529, ""valid_pixels_after_land_mask"": 286585, ""pixels_masked_by_land"": 310944, ""valid_water_fraction"": 0.4796168888874013, ""land_skip_threshold"": 0.99, ""min_water_fraction"": 0.01, ""skip_land_tiles"": true, ""skipped"": false, ""reason"": ""water_candidate"", ""message"": ""CFAR restrito aos pixels de água.""}",natural_earth_land_point_mask,-19.066743369378777,-39.721206664601524,-6.679999828338623,-7.980000019073486,-9.489999771118164,92,P093,patch_0093_VV,,,"{""row"": 1296, ""col"": 1056, ""row_resampled"": 432, ""col_resampled"": 352}",VV,"{""x0"": 1840, ""y0"": 13840, ""x1"": 4160, ""y1"": 16160}","{""west"": -39.86148253105868, ""south"": -19.180347054695876, ""east"": -39.59504111596498, ""north"": -18.924214669770695}",EPSG:4326,"[0.00010939857318998339, 0.0, -41.703126380674576, 0.0, -0.00011682754335648635, -18.849051606516515, 0.0, 0.0, 1.0]",,cfar,,S1C_IW_GRDH_1SDV_20260810T081212_20260810T081241_008930_011B7A_AF45,-9.73,,1.0,0.4796168888874013,0.479736328125,,,1.35,fallback
3,3.0,"{""row_min"": 1314, ""row_max"": 1320, ""col_min"": 1065, ""col_max"": 1065}","{""x0"": 2000, ""y0"": 14000, ""x1"": 4000, ""y1"": 16000}","{""west"": -39.8427531054542, ""south"": -19.16269029305275, ""east"": -39.613349549900725, ""north"": -18.941953934509804}",cfar,,,,,geolocation_grid,,"{""type"": ""Polygon"", ""coordinates"": [[[-39.72243584930201, -19.068159031285628], [-39.72243584930201, -19.068159031285628], [-39.722568367608595, -19.06869441511138], [-39.722568367608595, -19.06869441511138], [-39.72243584930201, -19.068159031285628]]]}",snap_geolocation_grid,patch_0093_VV_sigma0_preproc.tif,"{""row"": 15157, ""col"": 2905}",160,22,linear,0.520263671875,"{""enabled"": true, ""applied"": true, ""status"": ""ok"", ""stage"": ""cfar_water_mask"", ""resampled_shape"": [773, 773], ""sample_shape"": [128, 128], ""sample_max_dim"": 128, ""available"": true, ""method"": ""natural_earth_land_point_mask"", ""bounds_lonlat"": {""west"": -39.8427531054542, ""south"": -19.16269029305275, ""east"": -39.613349549900725, ""north"": -18.941953934509804}, ""mask_path"": ""/content/sismom_colab_work_v2/sources/api/copernicus_meta_1-main/copernicus-platform/frontend/public/shapes/ne_10m_land/ne_10m_land.shp"", ""land_buffer_degrees"": 0.0, ""valid_geolocation_points"": 16384, ""land_points"": 8524, ""water_points"": 7860, ""land_fraction"": 0.520263671875, ""water_fraction"": 0.479736328125, ""valid_pixels_before_land_mask"": 597529, ""valid_pixels_after_land_mask"": 286585, ""pixels_masked_by_land"": 310944, ""valid_water_fraction"": 0.4796168888874013, ""land_skip_threshold"": 0.99, ""min_water_fraction"": 0.01, ""skip_land_tiles"": true, ""skipped"": false, ""reason"": ""water_candidate"", ""message"": ""CFAR restrito aos pixels de água.""}",natural_earth_land_point_mask,-19.068426723198506,-39.7225021084553,-2.3299999237060547,-5.03000020980835,-6.460000038146973,92,P093,patch_0093_VV,,,"{""row"": 1317, ""col"": 1065, ""row_resampled"": 439, ""col_resampled"": 355}",VV,"{""x0"": 1840, ""y0"": 13840, ""x1"": 4160, ""y1"": 16160}","{""west"": -39.86148253105868, ""south"": -19.180347054695876, ""east"": -39.59504111596498, ""north"": -18.924214669770695}",EPSG:4326,"[0.00010939857318998339, 0.0, -41.703126380674576, 0.0, -0.00011682754335648635, -18.849051606516515, 0.0, 0.0, 1.0]",,cfar,,S1C_IW_GRDH_1SDV_20260810T081212_20260810T081241_008930_011B7A_AF45,-7.86,,1.0,0.4796168888874013,0.479736328125,,,1.35,fallback
3,3.0,"{""row_min"": 978, ""row_max"": 984, ""col_min"": 402, ""col_max"": 402}","{""x0"": 2000, ""y0"": 16000, ""x1"": 4000, ""y1"": 18000}","{""west"": -39.88818489595744, ""south"": -19.341149543726136, ""east"": -39.6574521476064, ""north"": -19.12034797129032}",cfar,,,,,geolocation_grid,,"{""type"": ""Polygon"", ""coordinates"": [[[-39.6979130479336, -19.23066090285679], [-39.6979130479336, -19.23066090285679], [-39.698045676057774, -19.23119629473841], [-39.698045676057774, -19.23119629473841], [-39.6979130479336, -19.23066090285679]]]}",snap_geolocation_grid,patch_0106_VV_sigma0_preproc.tif,"{""row"": 16821, ""col"": 2242}",160,23,linear,0.82183837890625,"{""enabled"": true, ""applied"": true, ""status"": ""ok"", ""stage"": ""cfar_water_mask"", ""resampled_shape"": [773, 773], ""sample_shape"": [128, 128], ""sample_max_dim"": 128, ""available"": true, ""method"": ""natural_earth_land_point_mask"", ""bounds_lonlat"": {""west"": -39.88818489595744, ""south"": -19.341149543726136, ""east"": -39.6574521476064, ""north"": -19.12034797129032}, ""mask_path"": ""/content/sismom_colab_work_v2/sources/api/copernicus_meta_1-main/copernicus-platform/frontend/public/shapes/ne_10m_land/ne_10m_land.shp"", ""land_buffer_degrees"": 0.0, ""valid_geolocation_points"": 16384, ""land_points"": 13465, ""water_points"": 2919, ""land_fraction"": 0.82183837890625, ""water_fraction"": 0.17816162109375, ""valid_pixels_before_land_mask"": 597529, ""valid_pixels_after_land_mask"": 105109, ""pixels_masked_by_land"": 492420, ""valid_water_fraction"": 0.17590610664921702, ""land_skip_threshold"": 0.99, ""min_water_fraction"": 0.01, ""skip_land_tiles"": true, ""skipped"": false, ""reason"": ""water_candidate"", ""message"": ""CFAR restrito aos pixels de água.""}",natural_earth_land_point_mask,-19.2309285987976,-39.697979361995685,-6.320000171661377,-7.849999904632568,-9.140000343322754,105,P106,patch_0106_VV,,,"{""row"": 981, ""col"": 402, ""row_resampled"": 327, ""col_resampled"": 134}",VV,"{""x0"": 1840, ""y0"": 15840, ""x1"": 4160, ""y1"": 18160}","{""west"": -39.906474291901624, ""south"": -19.358802463649504, ""east"": -39.639122083472145, ""north"": -19.102628828950607}",EPSG:4326,"[0.00010939857318998339, 0.0, -41.703126380674576, 0.0, -0.00011682754335648635, -19.08270669322949, 0.0, 0.0, 1.0]",,cfar,,S1C_IW_GRDH_1SDV_20260810T081212_20260810T081241_008930_011B7A_AF45,-9.57,,1.0,0.17590610664921702,0.17816162109375,,,1.35,fallback
4,4.0,"{""row_min"": 1392, ""row_max"": 1401, ""col_min"": 1959, ""col_max"": 1959}","{""x0"": 0, ""y0"": 18000, ""x1"": 2000, ""y1"": 19749}","{""west"": -39.74022105600607, ""south"": -19.539385560209993, ""east"": -39.516475017175274, ""north"": -19.34125987266322}",cfar,,,,,geolocation_grid,,"{""type"": ""Polygon"", ""coordinates"": [[[-39.72510191281813, -19.45198188591887], [-39.72510191281813, -19.45198188591887], [-39.72530098816994, -19.45278455331291], [-39.72530098816994, -19.45278455331291], [-39.72510191281813, -19.45198188591887]]]}",snap_geolocation_grid,patch_0118_VV_sigma0_preproc.tif,"{""row"": 19238, ""col"": 1959}",160,24,linear,0.09955752212389381,"{""enabled"": true, ""applied"": true, ""status"": ""ok"", ""stage"": ""cfar_water_mask"", ""resampled_shape"": [636, 720], ""sample_shape"": [113, 128], ""sample_max_dim"": 128, ""available"": true, ""method"": ""natural_earth_land_point_mask"", ""bounds_lonlat"": {""west"": -39.74022105600607, ""south"": -19.539385560209993, ""east"": -39.516475017175274, ""north"": -19.34125987266322}, ""mask_path"": ""/content/sismom_colab_work_v2/sources/api/copernicus_meta_1-main/copernicus-platform/frontend/public/shapes/ne_10m_land/ne_10m_land.shp"", ""land_buffer_degrees"": 0.0, ""valid_geolocation_points"": 14464, ""land_points"": 1440, ""water_points"": 13024, ""land_fraction"": 0.09955752212389381, ""water_fraction"": 0.9004424778761062, ""valid_pixels_before_land_mask"": 446472, ""valid_pixels_after_land_mask"": 401889, ""pixels_masked_by_land"": 44583, ""valid_water_fraction"": 0.9001437940117185, ""land_skip_threshold"": 0.99, ""min_water_fraction"": 0.01, ""skip_land_tiles"": true, ""skipped"": false, ""reason"": ""water_candidate"", ""message"": ""CFAR restrito aos pixels de água.""}",natural_earth_land_point_mask,-19.4525169975149,-39.72523462971934,-4.010000228881836,-7.099999904632568,-8.5600004196167,117,P118,patch_0118_VV,,,"{""row"": 1398, ""col"": 1959, ""row_resampled"": 466, ""col_resampled"": 653}",VV,"{""x0"": 0, ""y0"": 17840, ""x1"": 2160, ""y1"": 19749}","{""west"": -39.75504301568363, ""south"": -19.539385560209993, ""east"": -39.51294896587474, ""north"": -19.323607532718427}",EPSG:4326,"[0.00010939857318998339, 0.0, -41.90441975534414, 0.0, -0.00011682754335648635, -19.31636177994246, 0.0, 0.0, 1.0]",,cfar,,S1C_IW_GRDH_1SDV_20260810T081212_20260810T081241_008930_011B7A_AF45,-8.6,,1.0,0.9001437940117185,0.9004424778761062,,,1.35,fallback
3,3.0,"{""row_min"": 1563, ""row_max"": 1569, ""col_min"": 1971, ""col_max"": 1971}","{""x0"": 0, ""y0"": 18000, ""x1"": 2000, ""y1"": 19749}","{""west"": -39.74022105600607, ""south"": -19.539385560209993, ""east"": -39.516475017175274, ""north"": -19.34125987266322}",cfar,,,,,geolocation_grid,,"{""type"": ""Polygon"", ""coordinates"": [[[-39.72999582154163, -19.466978644831702], [-39.72999582154163, -19.466978644831702], [-39.73012854139543, -19.467513755607005], [-39.73012854139543, -19.467513755607005], [-39.72999582154163, -19.466978644831702]]]}",snap_geolocation_grid,patch_0118_VV_sigma0_preproc.tif,"{""row"": 19406, ""col"": 1971}",160,25,linear,0.09955752212389381,"{""enabled"": true, ""applied"": true, ""status"": ""ok"", ""stage"": ""cfar_water_mask"", ""resampled_shape"": [636, 720], ""sample_shape"": [113, 128], ""sample_max_dim"": 128, ""available"": true, ""method"": ""natural_earth_land_point_mask"", ""bounds_lonlat"": {""west"": -39.74022105600607, ""south"": -19.539385560209993, ""east"": -39.516475017175274, ""north"": -19.34125987266322}, ""mask_path"": ""/content/sismom_colab_work_v2/sources/api/copernicus_meta_1-main/copernicus-platform/frontend/public/shapes/ne_10m_land/ne_10m_land.shp"", ""land_buffer_degrees"": 0.0, ""valid_geolocation_points"": 14464, ""land_points"": 1440, ""water_points"": 13024, ""land_fraction"": 0.09955752212389381, ""water_fraction"": 0.9004424778761062, ""valid_pixels_before_land_mask"": 446472, ""valid_pixels_after_land_mask"": 401889, ""pixels_masked_by_land"": 44583, ""valid_water_fraction"": 0.9001437940117185, ""land_skip_threshold"": 0.99, ""min_water_fraction"": 0.01, ""skip_land_tiles"": true, ""skipped"": false, ""reason"": ""water_candidate"", ""message"": ""CFAR restrito aos pixels de água.""}",natural_earth_land_point_mask,-19.467246200219353,-39.73006218146853,-5.110000133514404,-5.630000114440918,-6.449999809265137,117,P118,patch_0118_VV,,,"{""row"": 1566, ""col"": 1971, ""row_resampled"": 522, ""col_resampled"": 657}",VV,"{""x0"": 0, ""y0"": 17840, ""x1"": 2160, ""y1"": 19749}","{""west"": -39.75504301568363, ""south"": -19.539385560209993, ""east"": -39.51294896587474, ""north"": -19.323607532718427}",EPSG:4326,"[0.00010939857318998339, 0.0, -41.90441975534414, 0.0, -0.00011682754335648635, -19.31636177994246, 0.0, 0.0, 1.0]",,cfar,,S1C_IW_GRDH_1SDV_20260810T081212_20260810T081241_008930_011B7A_AF45,-6.86,,1.0,0.9001437940117185,0.9004424778761062,,,1.35,fallback
17,2.25,"{""row_min"": 1854, ""row_max"": 1878, ""col_min"": 669, ""col_max"": 678}","{""x0"": 0, ""y0"": 18000, ""x1"": 2000, ""y1"": 19749}","{""west"": -39.74022105600607, ""south"": -19.539385560209993, ""east"": -39.516475017175274, ""north"": -19.34125987266322}",cfar,,,,,geolocation_grid,,"{""type"": ""Polygon"", ""coordinates"": [[[-39.615802033574454, -19.520450164136605], [-39.61663604657208, -19.52026023338513], [-39.61716563810567, -19.522401030218564], [-39.616331616030294, -19.52259096343222], [-39.615802033574454, -19.520450164136605]]]}",snap_geolocation_grid,patch_0118_VV_sigma0_preproc.tif,"{""row"": 19706, ""col"": 672}",160,26,linear,0.09955752212389381,"{""enabled"": true, ""applied"": true, ""status"": ""ok"", ""stage"": ""cfar_water_mask"", ""resampled_shape"": [636, 720], ""sample_shape"": [113, 128], ""sample_max_dim"": 128, ""available"": true, ""method"": ""natural_earth_land_point_mask"", ""bounds_lonlat"": {""west"": -39.74022105600607, ""south"": -19.539385560209993, ""east"": -39.516475017175274, ""north"": -19.34125987266322}, ""mask_path"": ""/content/sismom_colab_work_v2/sources/api/copernicus_meta_1-main/copernicus-platform/frontend/public/shapes/ne_10m_land/ne_10m_land.shp"", ""land_buffer_degrees"": 0.0, ""valid_geolocation_points"": 14464, ""land_points"": 1440, ""water_points"": 13024, ""land_fraction"": 0.09955752212389381, ""water_fraction"": 0.9004424778761062, ""valid_pixels_before_land_mask"": 446472, ""valid_pixels_after_land_mask"": 401889, ""pixels_masked_by_land"": 44583, ""valid_water_fraction"": 0.9001437940117185, ""land_skip_threshold"": 0.99, ""min_water_fraction"": 0.01, ""skip_land_tiles"": true, ""skipped"": false, ""reason"": ""water_candidate"", ""message"": ""CFAR restrito aos pixels de água.""}",natural_earth_land_point_mask,-19.521457253123558,-39.616344830648174,11.800000190734863,-1.0700000524520874,-9.4399995803833,117,P118,patch_0118_VV,,,"{""row"": 1866, ""col"": 672, ""row_resampled"": 622, ""col_resampled"": 224}",VV,"{""x0"": 0, ""y0"": 17840, ""x1"": 2160, ""y1"": 19749}","{""west"": -39.75504301568363, ""south"": -19.539385560209993, ""east"": -39.51294896587474, ""north"": -19.323607532718427}",EPSG:4326,"[0.00010939857318998339, 0.0, -41.90441975534414, 0.0, -0.00011682754335648635, -19.31636177994246, 0.0, 0.0, 1.0]",,cfar,,S1C_IW_GRDH_1SDV_20260810T081212_20260810T081241_008930_011B7A_AF45,-10.75,,1.0,0.9001437940117185,0.9004424778761062,,,1.35,fallback
