bbox_geo,bbox_pixel,bbox_water_fraction,center_is_water,centroid_lat,centroid_lon,class,class_id,class_name,confidence,detection_method,geometry_json,id,land_mask_checked,land_mask_method,model,patch_id,patch_label,score,source,tile_id
"[-40.95529489969486, -21.76651060126167, -40.952180398991565, -21.764875240984882]","[8429.29232788086, 10135.766845703125, 8456.483093261719, 10160.371520996094]",1.0,True,-21.765748366013984,-40.953702366366535,ship-1,0,ship-1,0.9095869064331055,yolo8,"{""type"": ""Polygon"", ""coordinates"": [[[-40.95529489969486, -21.76651060126167], [-40.952180398991565, -21.76651060126167], [-40.952180398991565, -21.764875240984882], [-40.95529489969486, -21.764875240984882], [-40.95529489969486, -21.76651060126167]]]}",1,True,natural_earth_land_point_mask,SAR-MULTI-1280p,68,P069,0.9095869064331055,yolo,466
"[-40.74056774394541, -21.796784892373843, -40.73738525372603, -21.794877782522526]","[6192.831268310547, 9924.15347290039, 6219.765533447266, 9952.330535888672]",1.0,True,-21.795820478351775,-40.73902342452785,ship-1,0,ship-1,0.9076107740402222,yolo8,"{""type"": ""Polygon"", ""coordinates"": [[[-40.74056774394541, -21.796784892373843], [-40.73738525372603, -21.796784892373843], [-40.73738525372603, -21.794877782522526], [-40.74056774394541, -21.794877782522526], [-40.74056774394541, -21.796784892373843]]]}",2,True,natural_earth_land_point_mask,SAR-MULTI-1280p,55,P056,0.9076107740402222,yolo,463
"[-40.33477842944843, -22.229780631583687, -40.33187431993396, -22.22780137718003]","[998.4299011230469, 13522.637817382812, 1022.9018249511719, 13550.613983154297]",1.0,True,-22.228791006667368,-40.333326365493896,ship-1,0,ship-1,0.9064040184020996,yolo8,"{""type"": ""Polygon"", ""coordinates"": [[[-40.33477842944843, -22.229780631583687], [-40.33187431993396, -22.229780631583687], [-40.33187431993396, -22.22780137718003], [-40.33477842944843, -22.22780137718003], [-40.33477842944843, -22.229780631583687]]]}",3,True,natural_earth_land_point_mask,SAR-MULTI-1280p,78,P079,0.9064040184020996,yolo,631
"[-40.747252883015044, -21.82327877216608, -40.744044144354525, -21.822038646228236]","[6188.289459228516, 10228.635070800781, 6217.129577636719, 10249.048461914062]",1.0,True,-21.822625045918354,-40.745589990337756,ship-1,0,ship-1,0.8987888693809509,yolo8,"{""type"": ""Polygon"", ""coordinates"": [[[-40.747252883015044, -21.82327877216608], [-40.744044144354525, -21.82327877216608], [-40.744044144354525, -21.822038646228236], [-40.747252883015044, -21.822038646228236], [-40.747252883015044, -21.82327877216608]]]}",4,True,natural_earth_land_point_mask,SAR-MULTI-1280p,67,P068,0.8987888693809509,yolo,463
"[-40.7400456209253, -21.81201195528674, -40.736511905393144, -21.809902887499007]","[6144.748504638672, 10081.744567871094, 6174.7119140625, 10112.269348144531]",1.0,True,-21.811001954506644,-40.7382903190097,ship-1,0,ship-1,0.8971002697944641,yolo8,"{""type"": ""Polygon"", ""coordinates"": [[[-40.7400456209253, -21.81201195528674], [-40.736511905393144, -21.81201195528674], [-40.736511905393144, -21.809902887499007], [-40.7400456209253, -21.809902887499007], [-40.7400456209253, -21.81201195528674]]]}",5,True,natural_earth_land_point_mask,SAR-MULTI-1280p,67,P068,0.8971002697944641,yolo,463
"[-40.7715344097814, -21.820200610913687, -40.768258185954195, -21.81831734700838]","[6441.813049316406, 10248.780151367188, 6469.871398925781, 10276.194763183594]",1.0,True,-21.819258982098017,-40.769896286846475,ship-1,0,ship-1,0.8874697089195251,yolo8,"{""type"": ""Polygon"", ""coordinates"": [[[-40.7715344097814, -21.820200610913687], [-40.768258185954195, -21.820200610913687], [-40.768258185954195, -21.81831734700838], [-40.7715344097814, -21.81831734700838], [-40.7715344097814, -21.820200610913687]]]}",6,True,natural_earth_land_point_mask,SAR-MULTI-1280p,68,P069,0.8874697089195251,yolo,463
"[-40.91646803807877, -21.860277096688346, -40.914383658868864, -21.859157265212506]","[7802.9332275390625, 11040.157520145178, 7820.305938720703, 11057.00295639038]",1.0,True,-21.85967266533561,-40.91541422941699,ship-1,0,ship-1,0.8872088193893433,yolo8,"{""type"": ""Polygon"", ""coordinates"": [[[-40.91646803807877, -21.860277096688346], [-40.914383658868864, -21.860277096688346], [-40.914383658868864, -21.859157265212506], [-40.91646803807877, -21.859157265212506], [-40.91646803807877, -21.860277096688346]]]}",7,True,natural_earth_land_point_mask,SAR-MULTI-1280p,68,P069,0.8872088193893433,yolo,535
"[-40.78928597126334, -21.81192315303247, -40.785941197403666, -21.809394799396525]","[6642.500228881836, 10197.622253417969, 6669.638759613037, 10232.610412597656]",1.0,True,-21.810692608479894,-40.78767207938941,ship-1,0,ship-1,0.883354127407074,yolo8,"{""type"": ""Polygon"", ""coordinates"": [[[-40.78928597126334, -21.81192315303247], [-40.785941197403666, -21.81192315303247], [-40.785941197403666, -21.809394799396525], [-40.78928597126334, -21.809394799396525], [-40.78928597126334, -21.81192315303247]]]}",8,True,natural_earth_land_point_mask,SAR-MULTI-1280p,68,P069,0.883354127407074,yolo,464
"[-40.87456663504229, -21.785886146627966, -40.87166420390896, -21.783916162751876]","[7570.170501708984, 10138.419677734375, 7594.111679077148, 10166.722839355469]",1.0,True,-21.78490115737876,-40.87311541007235,ship-1,0,ship-1,0.8823224306106567,yolo8,"{""type"": ""Polygon"", ""coordinates"": [[[-40.87456663504229, -21.785886146627966], [-40.87166420390896, -21.785886146627966], [-40.87166420390896, -21.783916162751876], [-40.87456663504229, -21.783916162751876], [-40.87456663504229, -21.785886146627966]]]}",9,True,natural_earth_land_point_mask,SAR-MULTI-1280p,55,P056,0.8823224306106567,yolo,465
"[-40.91169942880948, -21.88282830307054, -40.910036063780694, -21.881799173929952]","[7699.111267089844, 11269.989379882812, 7713.529083251953, 11284.625198364258]",1.0,True,-21.882358253324437,-40.91087938220288,ship-1,0,ship-1,0.8726881742477417,yolo8,"{""type"": ""Polygon"", ""coordinates"": [[[-40.91169942880948, -21.88282830307054], [-40.910036063780694, -21.88282830307054], [-40.910036063780694, -21.881799173929952], [-40.91169942880948, -21.881799173929952], [-40.91169942880948, -21.88282830307054]]]}",10,True,natural_earth_land_point_mask,SAR-MULTI-1280p,68,P069,0.8726881742477417,yolo,535
"[-40.744483334058934, -21.85016683704744, -40.74094490689292, -21.849191846034113]","[6086.582809448242, 10508.971069335938, 6119.391738891602, 10527.810134887695]",1.0,True,-21.8497347399665,-40.74267872640938,ship-1,0,ship-1,0.8703317046165466,yolo8,"{""type"": ""Polygon"", ""coordinates"": [[[-40.744483334058934, -21.85016683704744], [-40.74094490689292, -21.85016683704744], [-40.74094490689292, -21.849191846034113], [-40.744483334058934, -21.849191846034113], [-40.744483334058934, -21.85016683704744]]]}",11,True,natural_earth_land_point_mask,SAR-MULTI-1280p,67,P068,0.8703317046165466,yolo,498
"[-40.763033857186315, -21.831145210099763, -40.75973347612959, -21.829170990421012]","[6327.559539794922, 10342.951072692871, 6355.0863037109375, 10371.960998535156]",1.0,True,-21.830202631638414,-40.76139522928329,ship-1,0,ship-1,0.8596862554550171,yolo8,"{""type"": ""Polygon"", ""coordinates"": [[[-40.763033857186315, -21.831145210099763], [-40.75973347612959, -21.831145210099763], [-40.75973347612959, -21.829170990421012], [-40.763033857186315, -21.829170990421012], [-40.763033857186315, -21.831145210099763]]]}",12,True,natural_earth_land_point_mask,SAR-MULTI-1280p,67,P068,0.8596862554550171,yolo,498
"[-40.88576183605823, -21.163487691909012, -40.88278183716334, -21.1615396575252]","[9311.489776611328, 3575.3042602539062, 9336.463104248047, 3603.4512939453125]",1.0,True,-21.16252458954059,-40.88422511638509,ship-1,0,ship-1,0.8546043038368225,yolo8,"{""type"": ""Polygon"", ""coordinates"": [[[-40.88576183605823, -21.163487691909012], [-40.88278183716334, -21.163487691909012], [-40.88278183716334, -21.1615396575252], [-40.88576183605823, -21.1615396575252], [-40.88576183605823, -21.163487691909012]]]}",13,True,natural_earth_land_point_mask,SAR-MULTI-1280p,17,P018,0.8546043038368225,yolo,152
"[-40.90164870439408, -21.850413686458985, -40.90008123434704, -21.84898448097029]","[7685.128967285156, 10897.355224609375, 7697.427337646484, 10916.9375]",1.0,True,-21.849743602271577,-40.90087657811529,ship-1,0,ship-1,0.8495408892631531,yolo8,"{""type"": ""Polygon"", ""coordinates"": [[[-40.90164870439408, -21.850413686458985], [-40.90008123434704, -21.850413686458985], [-40.90008123434704, -21.84898448097029], [-40.90164870439408, -21.84898448097029], [-40.90164870439408, -21.850413686458985]]]}",14,True,natural_earth_land_point_mask,SAR-MULTI-1280p,68,P069,0.8495408892631531,yolo,500
"[-40.994268292237564, -21.83525088151313, -40.99115156899749, -21.83399389660922]","[8639.974975585938, 10963.464050292969, 8667.783569335938, 10984.136352539062]",1.0,True,-21.834577880919493,-40.99269828543196,ship-1,0,ship-1,0.8488099575042725,yolo8,"{""type"": ""Polygon"", ""coordinates"": [[[-40.994268292237564, -21.83525088151313], [-40.99115156899749, -21.83525088151313], [-40.99115156899749, -21.83399389660922], [-40.994268292237564, -21.83399389660922], [-40.994268292237564, -21.83525088151313]]]}",15,True,natural_earth_land_point_mask,SAR-MULTI-1280p,69,P070,0.8488099575042725,yolo,501
"[-40.960739644923095, -21.88943911951771, -40.95928748350614, -21.888077443458652]","[8177.084579467773, 11457.940948486328, 8188.366859436035, 11475.683837890625]",1.0,True,-21.888769222738947,-40.95996662056367,ship-1,0,ship-1,0.8309675455093384,yolo8,"{""type"": ""Polygon"", ""coordinates"": [[[-40.960739644923095, -21.88943911951771], [-40.95928748350614, -21.88943911951771], [-40.95928748350614, -21.888077443458652], [-40.960739644923095, -21.888077443458652], [-40.960739644923095, -21.88943911951771]]]}",16,True,natural_earth_land_point_mask,SAR-MULTI-1280p,69,P070,0.8309675455093384,yolo,536
"[-40.83612845835317, -21.84580498625642, -40.83484073467563, -21.84506531373999]","[7040.525695800781, 10695.156219482422, 7051.185607910156, 10706.900756835938]",1.0,True,-21.84549057467545,-40.835449249425686,ship-1,0,ship-1,0.8305635452270508,yolo8,"{""type"": ""Polygon"", ""coordinates"": [[[-40.83612845835317, -21.84580498625642], [-40.83484073467563, -21.84580498625642], [-40.83484073467563, -21.84506531373999], [-40.83612845835317, -21.84506531373999], [-40.83612845835317, -21.84580498625642]]]}",17,True,natural_earth_land_point_mask,SAR-MULTI-1280p,68,P069,0.8305635452270508,yolo,499
"[-40.76320210577715, -21.801549378997425, -40.762383140969675, -21.80107853702897]","[6427.70703125, 10051.74267578125, 6434.525939941406, 10058.482116699219]",1.0,True,-21.801347589774434,-40.762851120184806,ship-1,0,ship-1,0.8232442140579224,yolo8,"{""type"": ""Polygon"", ""coordinates"": [[[-40.76320210577715, -21.801549378997425], [-40.762383140969675, -21.801549378997425], [-40.762383140969675, -21.80107853702897], [-40.76320210577715, -21.80107853702897], [-40.76320210577715, -21.801549378997425]]]}",18,True,natural_earth_land_point_mask,SAR-MULTI-1280p,55,P056,0.8232442140579224,yolo,463
"[-40.04910665861562, -21.241430850926363, -40.04653916956781, -21.23833759567845]","[671.0579223632812, 2344.62744140625, 689.8760986328125, 2383.263397216797]",1.0,True,-21.239839641523975,-40.04781159067366,ship-1,0,ship-1,0.8133102655410767,yolo8,"{""type"": ""Polygon"", ""coordinates"": [[[-40.04910665861562, -21.241430850926363], [-40.04653916956781, -21.241430850926363], [-40.04653916956781, -21.23833759567845], [-40.04910665861562, -21.23833759567845], [-40.04910665861562, -21.241430850926363]]]}",19,True,natural_earth_land_point_mask,SAR-MULTI-1280p,13,P014,0.8133102655410767,yolo,105
"[-40.045316577845426, -21.273329628899727, -40.04418297574996, -21.271984581268292]","[561.3834228515625, 2695.613006591797, 569.343994140625, 2712.5958251953125]",1.0,True,-21.272701690281107,-40.04476108665495,ship-1,0,ship-1,0.7970690131187439,yolo8,"{""type"": ""Polygon"", ""coordinates"": [[[-40.045316577845426, -21.273329628899727], [-40.04418297574996, -21.273329628899727], [-40.04418297574996, -21.271984581268292], [-40.045316577845426, -21.271984581268292], [-40.045316577845426, -21.273329628899727]]]}",20,True,natural_earth_land_point_mask,SAR-MULTI-1280p,13,P014,0.7970690131187439,yolo,105
"[-40.618812559421535, -21.785395875674613, -40.61696906362785, -21.783272257405446]","[5012.482238769531, 9506.709350585938, 5025.111999511719, 9533.413940429688]",1.0,True,-21.784389430275755,-40.61785540135843,ship-1,0,ship-1,0.7856788039207458,yolo8,"{""type"": ""Polygon"", ""coordinates"": [[[-40.618812559421535, -21.785395875674613], [-40.61696906362785, -21.785395875674613], [-40.61696906362785, -21.783272257405446], [-40.618812559421535, -21.783272257405446], [-40.618812559421535, -21.785395875674613]]]}",21,True,natural_earth_land_point_mask,SAR-MULTI-1280p,54,P055,0.7856788039207458,yolo,426
"[-40.268651874236255, -22.22515123961903, -40.26743720637908, -22.223918704118283]","[362.4993896484375, 13325.376502990723, 371.0374450683594, 13341.447273254395]",1.0,True,-22.224545722135456,-40.26799743613746,ship-1,0,ship-1,0.7792515158653259,yolo8,"{""type"": ""Polygon"", ""coordinates"": [[[-40.268651874236255, -22.22515123961903], [-40.26743720637908, -22.22515123961903], [-40.26743720637908, -22.223918704118283], [-40.268651874236255, -22.223918704118283], [-40.268651874236255, -22.22515123961903]]]}",22,True,natural_earth_land_point_mask,SAR-MULTI-1280p,78,P079,0.7792515158653259,yolo,630
"[-40.01937501278677, -21.25226811175254, -40.018286931456174, -21.25110133402653]","[353.14599609375, 2411.8966369628906, 361.4959411621094, 2426.9022064208984]",1.0,True,-21.251729309367033,-40.0188422768985,ship-1,0,ship-1,0.7730563282966614,yolo8,"{""type"": ""Polygon"", ""coordinates"": [[[-40.01937501278677, -21.25226811175254], [-40.018286931456174, -21.25226811175254], [-40.018286931456174, -21.25110133402653], [-40.01937501278677, -21.25110133402653], [-40.01937501278677, -21.25226811175254]]]}",23,True,natural_earth_land_point_mask,SAR-MULTI-1280p,13,P014,0.7730563282966614,yolo,105
"[-40.943133886561434, -21.849906841157456, -40.94138084099668, -21.847387551352735]","[8104.4532470703125, 10982.636901855469, 8115.916076660156, 11013.865966796875]",1.0,True,-21.84868077525013,-40.9423159105634,ship-1,0,ship-1,0.7689414620399475,yolo8,"{""type"": ""Polygon"", ""coordinates"": [[[-40.943133886561434, -21.849906841157456], [-40.94138084099668, -21.849906841157456], [-40.94138084099668, -21.847387551352735], [-40.943133886561434, -21.847387551352735], [-40.943133886561434, -21.849906841157456]]]}",24,True,natural_earth_land_point_mask,SAR-MULTI-1280p,68,P069,0.7689414620399475,yolo,500
"[-40.60423707364804, -21.722869847100807, -40.602793906776114, -21.72074839319261]","[5032.913635253906, 8809.898864746094, 5041.086669921875, 8835.058654785156]",1.0,True,-21.721798301419742,-40.60356241093275,ship-1,0,ship-1,0.7675651907920837,yolo8,"{""type"": ""Polygon"", ""coordinates"": [[[-40.60423707364804, -21.722869847100807], [-40.602793906776114, -21.722869847100807], [-40.602793906776114, -21.72074839319261], [-40.60423707364804, -21.72074839319261], [-40.60423707364804, -21.722869847100807]]]}",25,True,natural_earth_land_point_mask,SAR-MULTI-1280p,54,P055,0.7675651907920837,yolo,391
"[-40.35313017136721, -22.221251813899144, -40.351659644929505, -22.219417178872458]","[1218.5373840332031, 13481.176986694336, 1228.015625, 13504.491088867188]",1.0,True,-22.22028993951008,-40.352383418134345,ship-1,0,ship-1,0.7657215595245361,yolo8,"{""type"": ""Polygon"", ""coordinates"": [[[-40.35313017136721, -22.221251813899144], [-40.351659644929505, -22.221251813899144], [-40.351659644929505, -22.219417178872458], [-40.35313017136721, -22.219417178872458], [-40.35313017136721, -22.221251813899144]]]}",26,True,natural_earth_land_point_mask,SAR-MULTI-1280p,78,P079,0.7657215595245361,yolo,631
"[-40.07095139639366, -21.197207808585162, -40.069911293041464, -21.195841438827426]","[1016.6694030761719, 1950.3924560546875, 1023.5227355957031, 1967.7212219238281]",1.0,True,-21.196558533563778,-40.070489460423495,ship-1,0,ship-1,0.7566342353820801,yolo8,"{""type"": ""Polygon"", ""coordinates"": [[[-40.07095139639366, -21.197207808585162], [-40.069911293041464, -21.197207808585162], [-40.069911293041464, -21.195841438827426], [-40.07095139639366, -21.195841438827426], [-40.07095139639366, -21.197207808585162]]]}",27,True,natural_earth_land_point_mask,SAR-MULTI-1280p,0,P001,0.7566342353820801,yolo,71
"[-40.908470737402524, -21.869696722198867, -40.90741694096246, -21.869092287425058]","[7706.498107910156, 11128.015975952148, 7715.841003417969, 11137.749969482422]",1.0,True,-21.86933904974928,-40.90797915773193,ship-1,0,ship-1,0.7536897659301758,yolo8,"{""type"": ""Polygon"", ""coordinates"": [[[-40.908470737402524, -21.869696722198867], [-40.90741694096246, -21.869696722198867], [-40.90741694096246, -21.869092287425058], [-40.908470737402524, -21.869092287425058], [-40.908470737402524, -21.869696722198867]]]}",28,True,natural_earth_land_point_mask,SAR-MULTI-1280p,68,P069,0.7536897659301758,yolo,535
"[-39.998281894823656, -21.216328518292542, -39.996064233243196, -21.213438436711453]","[225.89208984375, 1958.1208801269531, 240.65841674804688, 1994.7418212890625]",1.0,True,-21.214872806746218,-39.99721985168823,ship-1,0,ship-1,0.7491965293884277,yolo8,"{""type"": ""Polygon"", ""coordinates"": [[[-39.998281894823656, -21.216328518292542], [-39.996064233243196, -21.216328518292542], [-39.996064233243196, -21.213438436711453], [-39.998281894823656, -21.213438436711453], [-39.998281894823656, -21.216328518292542]]]}",29,True,natural_earth_land_point_mask,SAR-MULTI-1280p,0,P001,0.7491965293884277,yolo,70
"[-40.916255122371375, -22.265939922869492, -40.91484575699445, -22.265134642471207]","[6742.689254760742, 15340.743469238281, 6754.092681884766, 15352.096130371094]",1.0,True,-22.26553728321772,-40.91555043765783,ship-1,0,ship-1,0.7458637356758118,yolo8,"{""type"": ""Polygon"", ""coordinates"": [[[-40.916255122371375, -22.265939922869492], [-40.91484575699445, -22.265939922869492], [-40.91484575699445, -22.265134642471207], [-40.916255122371375, -22.265134642471207], [-40.916255122371375, -22.265939922869492]]]}",30,True,natural_earth_land_point_mask,SAR-MULTI-1280p,94,P095,0.7458637356758118,yolo,709
"[-40.1892764733355, -21.146657072305597, -40.1876333441222, -21.144863279834976]","[2336.2740936279297, 1695.346420288086, 2348.9356689453125, 1718.4537963867188]",1.0,True,-21.145715597028058,-40.18844358833748,ship-1,0,ship-1,0.7431115508079529,yolo8,"{""type"": ""Polygon"", ""coordinates"": [[[-40.1892764733355, -21.146657072305597], [-40.1876333441222, -21.146657072305597], [-40.1876333441222, -21.144863279834976], [-40.1892764733355, -21.144863279834976], [-40.1892764733355, -21.146657072305597]]]}",31,True,natural_earth_land_point_mask,SAR-MULTI-1280p,1,P002,0.7431115508079529,yolo,73
"[-40.90049892934268, -21.841425777513006, -40.89911730079131, -21.840708839924645]","[7697.937896728516, 10807.750274658203, 7709.955871582031, 10818.231262207031]",1.0,True,-21.841022791621544,-40.89979650120271,ship-1,0,ship-1,0.7419043779373169,yolo8,"{""type"": ""Polygon"", ""coordinates"": [[[-40.90049892934268, -21.841425777513006], [-40.89911730079131, -21.841425777513006], [-40.89911730079131, -21.840708839924645], [-40.90049892934268, -21.840708839924645], [-40.90049892934268, -21.841425777513006]]]}",32,True,natural_earth_land_point_mask,SAR-MULTI-1280p,68,P069,0.7419043779373169,yolo,500
"[-40.32311473804425, -22.22942309419351, -40.32187655767842, -22.228101577065836]","[897.1750030517578, 13501.23127746582, 906.3440399169922, 13518.729705810547]",1.0,True,-22.22872852727941,-40.32243706069388,ship-1,0,ship-1,0.7367482781410217,yolo8,"{""type"": ""Polygon"", ""coordinates"": [[[-40.32311473804425, -22.22942309419351], [-40.32187655767842, -22.22942309419351], [-40.32187655767842, -22.228101577065836], [-40.32311473804425, -22.228101577065836], [-40.32311473804425, -22.22942309419351]]]}",33,True,natural_earth_land_point_mask,SAR-MULTI-1280p,78,P079,0.7367482781410217,yolo,631
"[-40.363206535456136, -22.219324860275222, -40.36185112891631, -22.21793651818989]","[1324.3290405273438, 13490.555114746094, 1334.1936645507812, 13508.653839111328]",1.0,True,-22.21863068984475,-40.362528829620764,ship-1,0,ship-1,0.7349037528038025,yolo8,"{""type"": ""Polygon"", ""coordinates"": [[[-40.363206535456136, -22.219324860275222], [-40.36185112891631, -22.219324860275222], [-40.36185112891631, -22.21793651818989], [-40.363206535456136, -22.21793651818989], [-40.363206535456136, -22.219324860275222]]]}",34,True,natural_earth_land_point_mask,SAR-MULTI-1280p,78,P079,0.7349037528038025,yolo,631
"[-40.73766920143203, -22.08259890844744, -40.73652471419775, -22.080880976535113]","[5437.705749511719, 12951.207733154297, 5444.972320556641, 12972.17202758789]",1.0,True,-22.081684527534392,-40.73713239636923,ship-1,0,ship-1,0.7219675779342651,yolo8,"{""type"": ""Polygon"", ""coordinates"": [[[-40.73766920143203, -22.08259890844744], [-40.73652471419775, -22.08259890844744], [-40.73652471419775, -22.080880976535113], [-40.73766920143203, -22.080880976535113], [-40.73766920143203, -22.08259890844744]]]}",35,True,natural_earth_land_point_mask,SAR-MULTI-1280p,80,P081,0.7219675779342651,yolo,602
"[-40.21805599841022, -21.030137971054973, -40.21636796822348, -21.028166666732]","[2926.2177124023438, 528.4517211914062, 2938.4379272460938, 553.5747680664062]",1.0,True,-21.02919689617549,-40.217223309845764,ship-1,0,ship-1,0.7216842770576477,yolo8,"{""type"": ""Polygon"", ""coordinates"": [[[-40.21805599841022, -21.030137971054973], [-40.21636796822348, -21.030137971054973], [-40.21636796822348, -21.028166666732], [-40.21805599841022, -21.028166666732], [-40.21805599841022, -21.030137971054973]]]}",36,True,natural_earth_land_point_mask,SAR-MULTI-1280p,1,P002,0.7216842770576477,yolo,3
"[-40.94218201228749, -21.889702878346007, -40.941057575391916, -21.888831521016723]","[7992.0440673828125, 11420.878479003906, 8001.9912109375, 11432.954711914062]",1.0,True,-21.88925625997508,-40.94166673225065,ship-1,0,ship-1,0.7152969837188721,yolo8,"{""type"": ""Polygon"", ""coordinates"": [[[-40.94218201228749, -21.889702878346007], [-40.941057575391916, -21.889702878346007], [-40.941057575391916, -21.888831521016723], [-40.94218201228749, -21.888831521016723], [-40.94218201228749, -21.889702878346007]]]}",37,True,natural_earth_land_point_mask,SAR-MULTI-1280p,68,P069,0.7152969837188721,yolo,535
"[-40.46906440927103, -22.46644232973643, -40.46734986681278, -22.465608795495644]","[1740.68017578125, 16371.643463134766, 1755.5869445800781, 16384.42742919922]",1.0,True,-22.46605928471148,-40.46826582282837,ship-1,0,ship-1,0.7075641751289368,yolo8,"{""type"": ""Polygon"", ""coordinates"": [[[-40.46906440927103, -22.46644232973643], [-40.46734986681278, -22.46644232973643], [-40.46734986681278, -22.465608795495644], [-40.46906440927103, -22.465608795495644], [-40.46906440927103, -22.46644232973643]]]}",38,True,natural_earth_land_point_mask,SAR-MULTI-1280p,91,P092,0.7075641751289368,yolo,772
"[-40.92693606958675, -21.84697606593812, -40.925556021866264, -21.8455031962128]","[7950.028259277344, 10923.568237304688, 7960.658447265625, 10942.852966308594]",1.0,True,-21.846284147480922,-40.92625766200512,ship-1,0,ship-1,0.6998683214187622,yolo8,"{""type"": ""Polygon"", ""coordinates"": [[[-40.92693606958675, -21.84697606593812], [-40.925556021866264, -21.84697606593812], [-40.925556021866264, -21.8455031962128], [-40.92693606958675, -21.8455031962128], [-40.92693606958675, -21.84697606593812]]]}",39,True,natural_earth_land_point_mask,SAR-MULTI-1280p,68,P069,0.6998683214187622,yolo,500
"[-40.30654457802109, -22.201877645193807, -40.30521006127966, -22.200955544373866]","[800.498779296875, 13173.189453125, 811.5372009277344, 13186.897338867188]",1.0,True,-22.20145040703172,-40.30593589111726,ship-1,0,ship-1,0.6982436180114746,yolo8,"{""type"": ""Polygon"", ""coordinates"": [[[-40.30654457802109, -22.201877645193807], [-40.30521006127966, -22.201877645193807], [-40.30521006127966, -22.200955544373866], [-40.30654457802109, -22.200955544373866], [-40.30654457802109, -22.201877645193807]]]}",40,True,natural_earth_land_point_mask,SAR-MULTI-1280p,78,P079,0.6982436180114746,yolo,596
"[-40.032089175215084, -21.245783785237723, -40.03081064947048, -21.245037763302708]","[495.0837707519531, 2377.033645629883, 506.6692810058594, 2388.823272705078]",1.0,True,-21.24537686456638,-40.03139179601137,ship-1,0,ship-1,0.6935250759124756,yolo8,"{""type"": ""Polygon"", ""coordinates"": [[[-40.032089175215084, -21.245783785237723], [-40.03081064947048, -21.245783785237723], [-40.03081064947048, -21.245037763302708], [-40.032089175215084, -21.245037763302708], [-40.032089175215084, -21.245783785237723]]]}",41,True,natural_earth_land_point_mask,SAR-MULTI-1280p,13,P014,0.6935250759124756,yolo,105
"[-39.98658160049161, -21.176738968166934, -39.98545305028897, -21.17501553552693]","[216.14747619628906, 1525.0699577331543, 223.28753662109375, 1546.222885131836]",1.0,True,-21.175843331496242,-39.985959263537275,ship-1,0,ship-1,0.6922822594642639,yolo8,"{""type"": ""Polygon"", ""coordinates"": [[[-39.98658160049161, -21.176738968166934], [-39.98545305028897, -21.176738968166934], [-39.98545305028897, -21.17501553552693], [-39.98658160049161, -21.17501553552693], [-39.98658160049161, -21.176738968166934]]]}",42,True,natural_earth_land_point_mask,SAR-MULTI-1280p,0,P001,0.6922822594642639,yolo,70
"[-40.417507399020735, -22.375242375810803, -40.4158925565136, -22.37363130410635]","[1463.4719848632812, 15271.232177734375, 1475.8317260742188, 15292.761840820312]",1.0,True,-22.374392311944245,-40.41668846225067,ship-1,0,ship-1,0.692251443862915,yolo8,"{""type"": ""Polygon"", ""coordinates"": [[[-40.417507399020735, -22.375242375810803], [-40.4158925565136, -22.375242375810803], [-40.4158925565136, -22.37363130410635], [-40.417507399020735, -22.37363130410635], [-40.417507399020735, -22.375242375810803]]]}",43,True,natural_earth_land_point_mask,SAR-MULTI-1280p,91,P092,0.692251443862915,yolo,701
"[-40.01606769638116, -21.31188424627539, -40.0145564948337, -21.311002638751283]","[162.8863525390625, 3037.0307006835938, 175.0489044189453, 3050.1430740356445]",1.0,True,-21.31140953506941,-40.01525397033285,ship-1,0,ship-1,0.6905662417411804,yolo8,"{""type"": ""Polygon"", ""coordinates"": [[[-40.01606769638116, -21.31188424627539], [-40.0145564948337, -21.31188424627539], [-40.0145564948337, -21.311002638751283], [-40.01606769638116, -21.311002638751283], [-40.01606769638116, -21.31188424627539]]]}",44,True,natural_earth_land_point_mask,SAR-MULTI-1280p,13,P014,0.6905662417411804,yolo,140
"[-40.35478612498915, -22.13669374287466, -40.35368671916519, -22.135907447636626]","[1454.3073120117188, 12601.565422058105, 1463.9174194335938, 12612.516563415527]",1.0,True,-22.136334376406797,-40.35429495077108,ship-1,0,ship-1,0.680864691734314,yolo8,"{""type"": ""Polygon"", ""coordinates"": [[[-40.35478612498915, -22.13669374287466], [-40.35368671916519, -22.13669374287466], [-40.35368671916519, -22.135907447636626], [-40.35478612498915, -22.135907447636626], [-40.35478612498915, -22.13669374287466]]]}",45,True,natural_earth_land_point_mask,SAR-MULTI-1280p,78,P079,0.680864691734314,yolo,596
"[-40.76540308588235, -22.331099764231944, -40.76263218457793, -22.32928563965957]","[5050.9451904296875, 15646.610061645508, 5073.365234375, 15672.954315185547]",1.0,True,-22.330181833903463,-40.76406473840886,ship-1,0,ship-1,0.6336389780044556,yolo8,"{""type"": ""Polygon"", ""coordinates"": [[[-40.76540308588235, -22.331099764231944], [-40.76263218457793, -22.331099764231944], [-40.76263218457793, -22.32928563965957], [-40.76540308588235, -22.32928563965957], [-40.76540308588235, -22.331099764231944]]]}",46,True,natural_earth_land_point_mask,SAR-MULTI-1280p,93,P094,0.6336389780044556,yolo,741
"[-40.05927017814058, -21.337309653885047, -40.05490900004674, -21.33066368951071]","[519.0033569335938, 3343.905792236328, 546.7257080078125, 3424.551544189453]",1.0,True,-21.334041945166636,-40.057054041787026,ship-1,0,ship-1,0.6192967891693115,yolo8,"{""type"": ""Polygon"", ""coordinates"": [[[-40.05927017814058, -21.337309653885047], [-40.05490900004674, -21.337309653885047], [-40.05490900004674, -21.33066368951071], [-40.05927017814058, -21.33066368951071], [-40.05927017814058, -21.337309653885047]]]}",47,True,natural_earth_land_point_mask,SAR-MULTI-1280p,13,P014,0.6192967891693115,yolo,140
"[-40.988594977953106, -21.834117490076075, -40.98693193443427, -21.833088388617814]","[8599.22006225586, 10943.7333984375, 8613.325439453125, 10958.520812988281]",1.0,True,-21.833647450879287,-40.98777508953496,ship-1,0,ship-1,0.6175198554992676,yolo8,"{""type"": ""Polygon"", ""coordinates"": [[[-40.988594977953106, -21.834117490076075], [-40.98693193443427, -21.834117490076075], [-40.98693193443427, -21.833088388617814], [-40.988594977953106, -21.833088388617814], [-40.988594977953106, -21.834117490076075]]]}",48,True,natural_earth_land_point_mask,SAR-MULTI-1280p,69,P070,0.6175198554992676,yolo,501
"[-40.02868843797105, -21.183170948793816, -40.0277367203654, -21.182539088401576]","[624.3967895507812, 1707.4461212158203, 632.8900756835938, 1716.9680938720703]",1.0,True,-21.1828996074606,-40.02822386166279,ship-1,0,ship-1,0.6047491431236267,yolo8,"{""type"": ""Polygon"", ""coordinates"": [[[-40.02868843797105, -21.183170948793816], [-40.0277367203654, -21.183170948793816], [-40.0277367203654, -21.182539088401576], [-40.02868843797105, -21.182539088401576], [-40.02868843797105, -21.183170948793816]]]}",49,True,natural_earth_land_point_mask,SAR-MULTI-1280p,0,P001,0.6047491431236267,yolo,70
"[-40.08032458541265, -21.283644807955444, -40.07886135926681, -21.28256360888616]","[884.6130676269531, 2891.7492065429688, 896.7880554199219, 2906.5878295898438]",1.0,True,-21.28314879167809,-40.07960428989424,ship-1,0,ship-1,0.5582964420318604,yolo8,"{""type"": ""Polygon"", ""coordinates"": [[[-40.08032458541265, -21.283644807955444], [-40.07886135926681, -21.283644807955444], [-40.07886135926681, -21.28256360888616], [-40.08032458541265, -21.28256360888616], [-40.08032458541265, -21.283644807955444]]]}",50,True,natural_earth_land_point_mask,SAR-MULTI-1280p,13,P014,0.5582964420318604,yolo,106
"[-40.982876651681586, -21.808816647548582, -40.98203359222363, -21.808257557964165]","[8615.294982910156, 10668.643310546875, 8622.704040527344, 10676.719177246094]",1.0,True,-21.808548037300707,-40.98240820149206,ship-1,0,ship-1,0.545181155204773,yolo8,"{""type"": ""Polygon"", ""coordinates"": [[[-40.982876651681586, -21.808816647548582], [-40.98203359222363, -21.808816647548582], [-40.98203359222363, -21.808257557964165], [-40.982876651681586, -21.808257557964165], [-40.982876651681586, -21.808816647548582]]]}",51,True,natural_earth_land_point_mask,SAR-MULTI-1280p,69,P070,0.545181155204773,yolo,501
"[-40.419009319214915, -22.37603032642107, -40.417258484463055, -22.373507088166665]","[1477.682152748108, 15273.075866699219, 1488.5361461639404, 15304.591369628906]",1.0,True,-22.37471338202495,-40.41816952375352,ship-1,0,ship-1,0.5348666310310364,yolo8,"{""type"": ""Polygon"", ""coordinates"": [[[-40.419009319214915, -22.37603032642107], [-40.417258484463055, -22.37603032642107], [-40.417258484463055, -22.373507088166665], [-40.419009319214915, -22.373507088166665], [-40.419009319214915, -22.37603032642107]]]}",52,True,natural_earth_land_point_mask,SAR-MULTI-1280p,91,P092,0.5348666310310364,yolo,702
"[-40.93039099188445, -21.884989227380128, -40.92879801387276, -21.883849253374667]","[7882.835998535156, 11337.203796386719, 7895.552490234375, 11353.732482910156]",1.0,True,-21.88440830171944,-40.929641437728584,ship-1,0,ship-1,0.521571159362793,yolo8,"{""type"": ""Polygon"", ""coordinates"": [[[-40.93039099188445, -21.884989227380128], [-40.92879801387276, -21.884989227380128], [-40.92879801387276, -21.883849253374667], [-40.93039099188445, -21.883849253374667], [-40.93039099188445, -21.884989227380128]]]}",53,True,natural_earth_land_point_mask,SAR-MULTI-1280p,68,P069,0.521571159362793,yolo,535
"[-40.29270229477834, -22.17673004261989, -40.29026931054916, -22.175020783777875]","[717.2750244140625, 12862.840087890625, 737.8123779296875, 12886.559539794922]",1.0,True,-22.175875414831395,-40.29148579595995,ship-1,0,ship-1,0.48898231983184814,yolo8,"{""type"": ""Polygon"", ""coordinates"": [[[-40.29270229477834, -22.17673004261989], [-40.29026931054916, -22.17673004261989], [-40.29026931054916, -22.175020783777875], [-40.29270229477834, -22.175020783777875], [-40.29270229477834, -22.17673004261989]]]}",54,True,natural_earth_land_point_mask,SAR-MULTI-1280p,78,P079,0.48898231983184814,yolo,595
"[-40.3304015238699, -22.256162077702808, -40.328101296253436, -22.255366029147268]","[889.0735626220703, 13805.043884277344, 910.4933319091797, 13819.150695800781]",1.0,True,-22.255774807460213,-40.32920429071356,ship-1,0,ship-1,0.42948684096336365,yolo8,"{""type"": ""Polygon"", ""coordinates"": [[[-40.3304015238699, -22.256162077702808], [-40.328101296253436, -22.256162077702808], [-40.328101296253436, -22.255366029147268], [-40.3304015238699, -22.255366029147268], [-40.3304015238699, -22.256162077702808]]]}",55,True,natural_earth_land_point_mask,SAR-MULTI-1280p,78,P079,0.42948684096336365,yolo,631
"[-40.991852985729764, -22.28075101365603, -40.99065528916483, -22.27961338133233]","[7463.2869873046875, 15680.752380371094, 7472.5500564575195, 15695.973678588867]",1.0,True,-22.280237622263197,-40.99121873825249,ship-1,0,ship-1,0.42304158210754395,yolo8,"{""type"": ""Polygon"", ""coordinates"": [[[-40.991852985729764, -22.28075101365603], [-40.99065528916483, -22.28075101365603], [-40.99065528916483, -22.27961338133233], [-40.991852985729764, -22.27961338133233], [-40.991852985729764, -22.28075101365603]]]}",56,True,natural_earth_land_point_mask,SAR-MULTI-1280p,94,P095,0.42304158210754395,yolo,745
"[-40.97928822896065, -21.809180681390245, -40.978000019551146, -21.80844199501323]","[8574.459259033203, 10660.903289794922, 8585.805358886719, 10671.528442382812]",1.0,True,-21.80884491531138,-40.97870267763485,ship-1,0,ship-1,0.4091585576534271,yolo8,"{""type"": ""Polygon"", ""coordinates"": [[[-40.97928822896065, -21.809180681390245], [-40.978000019551146, -21.809180681390245], [-40.978000019551146, -21.80844199501323], [-40.97928822896065, -21.80844199501323], [-40.97928822896065, -21.809180681390245]]]}",57,True,natural_earth_land_point_mask,SAR-MULTI-1280p,69,P070,0.4091585576534271,yolo,501
"[-40.44324748841676, -22.245349047575704, -40.441675392961656, -22.244670985539035]","[2055.9264526367188, 13967.09716796875, 2069.8073120117188, 13978.918334960938]",1.0,True,-22.245054569032114,-40.4424729491926,ship-1,0,ship-1,0.40601006150245667,yolo8,"{""type"": ""Polygon"", ""coordinates"": [[[-40.44324748841676, -22.245349047575704], [-40.441675392961656, -22.245349047575704], [-40.441675392961656, -22.244670985539035], [-40.44324748841676, -22.244670985539035], [-40.44324748841676, -22.245349047575704]]]}",58,True,natural_earth_land_point_mask,SAR-MULTI-1280p,79,P080,0.40601006150245667,yolo,632
"[-40.341382690279445, -21.56289717475453, -40.34024185715886, -21.56193241300559]","[2801.4976196289062, 6486.0562744140625, 2810.858642578125, 6499.6881103515625]",1.0,True,-21.562359462690882,-40.34084772781914,ship-1,0,ship-1,0.404867947101593,yolo8,"{""type"": ""Polygon"", ""coordinates"": [[[-40.341382690279445, -21.56289717475453], [-40.34024185715886, -21.56289717475453], [-40.34024185715886, -21.56193241300559], [-40.341382690279445, -21.56193241300559], [-40.341382690279445, -21.56289717475453]]]}",59,True,natural_earth_land_point_mask,SAR-MULTI-1280p,40,P041,0.404867947101593,yolo,283
"[-40.98458316111887, -21.846196996770225, -40.98290075297089, -21.843189056661085]","[8532.916595458984, 11040.17339721322, 8541.520385742188, 11076.065452575684]",1.0,True,-21.844682090681253,-40.98378888273034,ship-1,0,ship-1,0.3999231159687042,yolo8,"{""type"": ""Polygon"", ""coordinates"": [[[-40.98458316111887, -21.846196996770225], [-40.98290075297089, -21.846196996770225], [-40.98290075297089, -21.843189056661085], [-40.98458316111887, -21.843189056661085], [-40.98458316111887, -21.846196996770225]]]}",60,True,natural_earth_land_point_mask,SAR-MULTI-1280p,69,P070,0.3999231159687042,yolo,536
"[-40.4807211667873, -22.433491569708643, -40.479195376635275, -22.432614791294675]","[1944.5358581542969, 16050.310668945312, 1957.36865234375, 16063.105651855469]",1.0,True,-22.433019458859956,-40.4798995852529,ship-1,0,ship-1,0.3870337903499603,yolo8,"{""type"": ""Polygon"", ""coordinates"": [[[-40.4807211667873, -22.433491569708643], [-40.479195376635275, -22.433491569708643], [-40.479195376635275, -22.432614791294675], [-40.4807211667873, -22.432614791294675], [-40.4807211667873, -22.433491569708643]]]}",61,True,natural_earth_land_point_mask,SAR-MULTI-1280p,91,P092,0.3870337903499603,yolo,737
"[-40.05798071259451, -21.332226977177545, -40.056430157794225, -21.330411059870904]","[535.6158447265625, 3344.9938049316406, 546.5262451171875, 3367.5488891601562]",1.0,True,-21.331352922933604,-40.05726357252687,ship-1,0,ship-1,0.37092429399490356,yolo8,"{""type"": ""Polygon"", ""coordinates"": [[[-40.05798071259451, -21.332226977177545], [-40.056430157794225, -21.332226977177545], [-40.056430157794225, -21.330411059870904], [-40.05798071259451, -21.330411059870904], [-40.05798071259451, -21.332226977177545]]]}",62,True,natural_earth_land_point_mask,SAR-MULTI-1280p,13,P014,0.37092429399490356,yolo,140
"[-40.42561235105323, -22.438663589524754, -40.423974141966504, -22.436963553202617]","[1380.352294921875, 15962.34878540039, 1392.3897705078125, 15984.801879882812]",1.0,True,-22.437813572314386,-40.424793243012985,ship-1,0,ship-1,0.36464959383010864,yolo8,"{""type"": ""Polygon"", ""coordinates"": [[[-40.42561235105323, -22.438663589524754], [-40.423974141966504, -22.438663589524754], [-40.423974141966504, -22.436963553202617], [-40.42561235105323, -22.436963553202617], [-40.42561235105323, -22.438663589524754]]]}",63,True,natural_earth_land_point_mask,SAR-MULTI-1280p,91,P092,0.36464959383010864,yolo,736
"[-40.97981073606071, -21.805847786784966, -40.97875675518548, -21.805243404558787]","[8590.498779296875, 10628.91845703125, 8599.90121459961, 10637.908782958984]",1.0,True,-21.805579172766315,-40.97934229905343,ship-1,0,ship-1,0.3546406030654907,yolo8,"{""type"": ""Polygon"", ""coordinates"": [[[-40.97981073606071, -21.805847786784966], [-40.97875675518548, -21.805847786784966], [-40.97875675518548, -21.805243404558787], [-40.97981073606071, -21.805243404558787], [-40.97981073606071, -21.805847786784966]]]}",64,True,natural_earth_land_point_mask,SAR-MULTI-1280p,69,P070,0.3546406030654907,yolo,501
"[-41.007953831561295, -22.276253521994114, -41.00558395441434, -22.272934732465195]","[7630.08056640625, 15646.969833374023, 7645.052093505859, 15687.396591186523]",1.0,True,-22.274649766122547,-41.006733604470895,ship-1,0,ship-1,0.33235546946525574,yolo8,"{""type"": ""Polygon"", ""coordinates"": [[[-41.007953831561295, -22.276253521994114], [-41.00558395441434, -22.276253521994114], [-41.00558395441434, -22.272934732465195], [-41.007953831561295, -22.272934732465195], [-41.007953831561295, -22.276253521994114]]]}",65,True,natural_earth_land_point_mask,SAR-MULTI-1280p,94,P095,0.33235546946525574,yolo,745
"[-40.86171409746887, -21.83854083744121, -40.860777452445426, -21.838002927723505]","[7319.297302246094, 10684.91357421875, 7327.5281982421875, 10692.170349121094]",1.0,True,-21.83827188283844,-40.861245774060926,ship-1,0,ship-1,0.3190913200378418,yolo8,"{""type"": ""Polygon"", ""coordinates"": [[[-40.86171409746887, -21.83854083744121], [-40.860777452445426, -21.83854083744121], [-40.860777452445426, -21.838002927723505], [-40.86171409746887, -21.838002927723505], [-40.86171409746887, -21.83854083744121]]]}",66,True,natural_earth_land_point_mask,SAR-MULTI-1280p,68,P069,0.3190913200378418,yolo,499
"[-40.418091735563735, -22.37595751349817, -40.416695000725085, -22.373258832607753]","[1472.01184738148, 15269.972290039062, 1479.3128476142883, 15301.361999511719]",1.0,True,-22.374618971510323,-40.41734622629467,ship-1,0,ship-1,0.31262511014938354,yolo8,"{""type"": ""Polygon"", ""coordinates"": [[[-40.418091735563735, -22.37595751349817], [-40.416695000725085, -22.37595751349817], [-40.416695000725085, -22.373258832607753], [-40.418091735563735, -22.373258832607753], [-40.418091735563735, -22.37595751349817]]]}",67,True,natural_earth_land_point_mask,SAR-MULTI-1280p,91,P092,0.31262511014938354,yolo,702
"[-40.963253003927136, -21.36117763164286, -40.960365408782195, -21.355430143449688]","[9586.178039550781, 5820.2303466796875, 9600.0, 5888.5333251953125]",1.0,True,-21.358303891165004,-40.96180919416194,ship-1,0,ship-1,0.30857527256011963,yolo8,"{""type"": ""Polygon"", ""coordinates"": [[[-40.963253003927136, -21.36117763164286], [-40.960365408782195, -21.36117763164286], [-40.960365408782195, -21.355430143449688], [-40.963253003927136, -21.355430143449688], [-40.963253003927136, -21.36117763164286]]]}",68,True,natural_earth_land_point_mask,SAR-MULTI-1280p,30,P031,0.30857527256011963,yolo,257
"[-40.4118780737657, -22.451239129500326, -40.40910279565058, -22.44668534547601]","[1206.042724609375, 16029.604187011719, 1222.9899597167969, 16084.5498046875]",1.0,True,-22.44900677141555,-40.41050192752284,ship-1,0,ship-1,0.3049551844596863,yolo8,"{""type"": ""Polygon"", ""coordinates"": [[[-40.4118780737657, -22.451239129500326], [-40.40910279565058, -22.451239129500326], [-40.40910279565058, -22.44668534547601], [-40.4118780737657, -22.44668534547601], [-40.4118780737657, -22.451239129500326]]]}",69,True,natural_earth_land_point_mask,SAR-MULTI-1280p,91,P092,0.3049551844596863,yolo,736
"[-40.986529407742076, -21.846404530635887, -40.98498344293645, -21.845442591379406]","[8547.82455444336, 11069.490482330322, 8560.091491699219, 11083.33243560791]",1.0,True,-21.845934499102295,-40.9857094924493,ship-1,0,ship-1,0.3038463592529297,yolo8,"{""type"": ""Polygon"", ""coordinates"": [[[-40.986529407742076, -21.846404530635887], [-40.98498344293645, -21.846404530635887], [-40.98498344293645, -21.845442591379406], [-40.986529407742076, -21.845442591379406], [-40.986529407742076, -21.846404530635887]]]}",70,True,natural_earth_land_point_mask,SAR-MULTI-1280p,69,P070,0.3038463592529297,yolo,536
"[-39.999382367001054, -21.215983202371994, -39.99799117070092, -21.2147912206691]","[241.88844299316406, 1977.9141845703125, 252.9531707763672, 1993.017333984375]",1.0,True,-21.21537653954198,-39.9987335613614,ship-1,0,ship-1,0.29704561829566956,yolo8,"{""type"": ""Polygon"", ""coordinates"": [[[-39.999382367001054, -21.215983202371994], [-39.99799117070092, -21.215983202371994], [-39.99799117070092, -21.2147912206691], [-39.999382367001054, -21.2147912206691], [-39.999382367001054, -21.215983202371994]]]}",71,True,natural_earth_land_point_mask,SAR-MULTI-1280p,0,P001,0.29704561829566956,yolo,70
"[-40.107392397057346, -21.33171021125841, -40.10630644113827, -21.330165655295023]","[1039.0580444335938, 3462.5186157226562, 1046.7982788085938, 3481.7232055664062]",1.0,True,-21.33099319746897,-40.10681390861003,ship-1,0,ship-1,0.2889370918273926,yolo8,"{""type"": ""Polygon"", ""coordinates"": [[[-40.107392397057346, -21.33171021125841], [-40.10630644113827, -21.33171021125841], [-40.10630644113827, -21.330165655295023], [-40.107392397057346, -21.330165655295023], [-40.107392397057346, -21.33171021125841]]]}",72,True,natural_earth_land_point_mask,SAR-MULTI-1280p,13,P014,0.2889370918273926,yolo,141
"[-40.279483199265925, -22.160970308377134, -40.27763058456884, -22.16035520427123]","[628.15234375, 12676.985076904297, 645.3007202148438, 12687.107803344727]",1.0,True,-22.16071806802957,-40.278521248572524,ship-1,0,ship-1,0.2633834183216095,yolo8,"{""type"": ""Polygon"", ""coordinates"": [[[-40.279483199265925, -22.160970308377134], [-40.27763058456884, -22.160970308377134], [-40.27763058456884, -22.16035520427123], [-40.279483199265925, -22.16035520427123], [-40.279483199265925, -22.160970308377134]]]}",73,True,natural_earth_land_point_mask,SAR-MULTI-1280p,78,P079,0.2633834183216095,yolo,595
"[-40.30351820916209, -22.19011320889313, -40.30213608601714, -22.18939073646123]","[799.7588005065918, 13043.250183105469, 811.1261215209961, 13054.324645996094]",1.0,True,-22.189707408551754,-40.302815697641584,ship-1,0,ship-1,0.2613585293292999,yolo8,"{""type"": ""Polygon"", ""coordinates"": [[[-40.30351820916209, -22.19011320889313], [-40.30213608601714, -22.19011320889313], [-40.30213608601714, -22.18939073646123], [-40.30351820916209, -22.18939073646123], [-40.30351820916209, -22.19011320889313]]]}",74,True,natural_earth_land_point_mask,SAR-MULTI-1280p,78,P079,0.2613585293292999,yolo,596
"[-40.75715583446216, -20.92881057744671, -40.75195536283631, -20.9243561749146]","[8609.146606445312, 740.0570750236511, 8650.164794921875, 800.6409606933594]",1.0,True,-20.926594244432597,-40.75450890619831,ship-1,0,ship-1,0.25102341175079346,yolo8,"{""type"": ""Polygon"", ""coordinates"": [[[-40.75715583446216, -20.92881057744671], [-40.75195536283631, -20.92881057744671], [-40.75195536283631, -20.9243561749146], [-40.75715583446216, -20.9243561749146], [-40.75715583446216, -20.92881057744671]]]}",75,True,natural_earth_land_point_mask,SAR-MULTI-1280p,4,P005,0.25102341175079346,yolo,46
